id,source_website_address,city,zbkzj,kbjj,k1,k2,project_type,下浮率,预测下浮率,result
ah-chizhou-00aed8deea8949c5951f10db3ac675e8,https://ggj.chizhou.gov.cn/front/bidcontent/9005001004/00aed8deea8949c5951f10db3ac675e8,池州市,8271311.6,7474784.29,0,0,水利水电工程,9.629999999999995,7.001973298229547,2.628026701770448
ah-chizhou-023960edd7f5493c907e87afca6d852b,https://ggj.chizhou.gov.cn/front/bidcontent/9005001004/023960edd7f5493c907e87afca6d852b,池州市,23505451.07,22356757.72,0,0,市政公用工程,4.890000000000001,6.435948335057195,1.5459483350571945
ah-chizhou-0260929f7ebf4787b85a88bd031237f6,https://ggj.chizhou.gov.cn/front/bidcontent/9005001004/0260929f7ebf4787b85a88bd031237f6,池州市,29999565.85,27545601.36,0,0,建筑工程,8.180000000000007,3.967100292762792,4.212899707237215
ah-chizhou-030e3fe1d863484da8df1f924627cec6,https://ggj.chizhou.gov.cn/front/bidcontent/9005001004/030e3fe1d863484da8df1f924627cec6,池州市,13925405.31,12747716.3,0,0,建筑工程,8.459999999999994,5.158964737701323,3.3010352622986705
ah-chizhou-041eddebccf840818f18007371087e2e,https://ggj.chizhou.gov.cn/front/bidcontent/9005001004/041eddebccf840818f18007371087e2e,池州市,8267387.08,7800006.89,0,0,水利水电工程,5.650000000000006,6.235682090267327,0.585682090267321
ah-chizhou-050487e6cfb845f2a38d5748fe340453,https://ggj.chizhou.gov.cn/front/bidcontent/9005001004/050487e6cfb845f2a38d5748fe340453,池州市,14934174.95,14323002.05,0,0,市政公用工程,4.090000000000003,5.799139204545455,1.7091392045454512
ah-chizhou-0504e778e6114b86a4399e397eae989e,https://ggj.chizhou.gov.cn/front/bidcontent/9005001004/0504e778e6114b86a4399e397eae989e,池州市,37476362.19,34321976.78,0,0,建筑工程,8.420000000000002,7.919568398268398,0.500431601731604
ah-chizhou-05cb6da640b14587a05e3c9051d0d2fb,https://ggj.chizhou.gov.cn/front/bidcontent/9005001004/05cb6da640b14587a05e3c9051d0d2fb,池州市,7366146.92,6793797.0,0,0,水利水电工程,7.769999999999996,5.936930932130776,1.8330690678692196
ah-chizhou-0605163ca36f4c639bd1f4bba6347b33,https://ggj.chizhou.gov.cn/front/bidcontent/9005001004/0605163ca36f4c639bd1f4bba6347b33,池州市,6890293.81,6342786.12,0,0,市政公用工程,7.950000000000003,5.441403508771931,2.5085964912280723
ah-chizhou-072bf214098d44eabad1f873a62a3166,https://ggj.chizhou.gov.cn/front/bidcontent/9005001004/072bf214098d44eabad1f873a62a3166,池州市,8709637.43,8029414.0,0,0,水利水电工程,7.810000000000002,5.350686688311686,2.459313311688316
ah-chizhou-07e9e15bd0ce49c7baa9f80bc33c5af7,https://ggj.chizhou.gov.cn/front/bidcontent/9005001004/07e9e15bd0ce49c7baa9f80bc33c5af7,池州市,8730058.85,8118081.73,0,0,公路工程,7.010000000000005,6.2791674588805275,0.7308325411194776
ah-chizhou-088faf6b90424a4594d632998e9fe3d5,https://ggj.chizhou.gov.cn/front/bidcontent/9005001004/088faf6b90424a4594d632998e9fe3d5,池州市,13437250.68,12688218.05,0,0,建筑工程,5.569999999999993,5.29278846697296,0.2772115330270335
ah-chizhou-092b3d93bd9d4613bbd1b641e1a9c3a6,https://ggj.chizhou.gov.cn/front/bidcontent/9005001004/092b3d93bd9d4613bbd1b641e1a9c3a6,池州市,5664106.42,5037373.04,0,0,市政公用工程,11.069999999999993,7.4228354978354965,3.6471645021644967
ah-chizhou-0b4c8080bd0448698b77d117800024cb,https://ggj.chizhou.gov.cn/front/bidcontent/9005001004/0b4c8080bd0448698b77d117800024cb,池州市,1915946.64,1775699.36,0,0,市政公用工程,7.319999999999993,6.647835497835499,0.6721645021644944
ah-chizhou-0d688424ca4446639eacd8992a8cdb77,https://ggj.chizhou.gov.cn/front/bidcontent/9005001004/0d688424ca4446639eacd8992a8cdb77,池州市,5055475.07,4570402.24,0,0,公路工程,9.590000000000003,7.360302844092184,2.22969715590782
ah-chizhou-0dca01fce8fb40cea726a6385e11018f,https://ggj.chizhou.gov.cn/front/bidcontent/9005001004/0dca01fce8fb40cea726a6385e11018f,池州市,808988.85,767649.52,0,0,建筑工程,5.109999999999999,8.482687286324785,3.372687286324785
ah-chizhou-0de562c68dfb4ebea81e762283431005,https://ggj.chizhou.gov.cn/front/bidcontent/9005001004/0de562c68dfb4ebea81e762283431005,池州市,4214252.6,3736651.35,0,0,市政公用工程,11.329999999999998,7.808214935064937,3.5217850649350613
ah-chizhou-0deffd659687404d87b04705280b381b,https://ggj.chizhou.gov.cn/front/bidcontent/9005001004/0deffd659687404d87b04705280b381b,池州市,4724108.21,4144601.86,0,0,建筑工程,12.269999999999996,7.274502164502164,4.995497835497832
ah-chizhou-0e2662233c704bbf9cddfdcd8c9426ca,https://ggj.chizhou.gov.cn/front/bidcontent/9005001004/0e2662233c704bbf9cddfdcd8c9426ca,池州市,4725164.62,4416327.86,0,0,市政公用工程,6.540000000000006,6.586123565824883,0.04612356582487642
ah-chizhou-0e6cd94888bf4b18a19db4b0545ffaf8,https://ggj.chizhou.gov.cn/front/bidcontent/9005001004/0e6cd94888bf4b18a19db4b0545ffaf8,池州市,22387156.2,21109297.32,0,0,建筑工程,5.709999999999994,5.737630908199986,0.02763090819999192
ah-chizhou-0f3b851191b54363ba8c5646cbd29f9d,https://ggj.chizhou.gov.cn/front/bidcontent/9005001004/0f3b851191b54363ba8c5646cbd29f9d,池州市,17615792.79,16460534.14,0,0,公路工程,6.560000000000002,6.712164012337778,0.1521640123377761
ah-chizhou-0fcfac56076042b092e99cca80b2f92b,https://ggj.chizhou.gov.cn/front/bidcontent/9005001004/0fcfac56076042b092e99cca80b2f92b,池州市,5819088.2,5056787.65,0,0,建筑工程,13.099999999999994,7.179502164502165,5.920497835497829
ah-chizhou-10ad739bc3694f57b721cf16479b8f88,https://ggj.chizhou.gov.cn/front/bidcontent/9005001004/10ad739bc3694f57b721cf16479b8f88,池州市,702014.03,670423.4,0,0,,4.5,7.711998970242001,3.211998970242001
ah-chizhou-11136f9e1b804305b8d93b9701905780,https://ggj.chizhou.gov.cn/front/bidcontent/9005001004/11136f9e1b804305b8d93b9701905780,池州市,15683564.74,15468989.85,0.3,0,水利水电工程,1.3700000000000045,4.492949464738993,3.122949464738989
ah-chizhou-12ff179416c94472ad016ee70197516a,https://ggj.chizhou.gov.cn/front/bidcontent/9005001004/12ff179416c94472ad016ee70197516a,池州市,4010829.74,3813876.78,0,0,建筑工程,4.909999999999997,5.943157365914031,1.0331573659140343
ah-chizhou-139ffde044874caf8d4811f8aaf30ba8,https://ggj.chizhou.gov.cn/front/bidcontent/9005001004/139ffde044874caf8d4811f8aaf30ba8,池州市,6407434.13,6088343.91,0,0,建筑工程,4.980000000000004,6.9878354978354995,2.0078354978354955
ah-chizhou-142f2d5ea17047b48a819f8c62eaa9da,https://ggj.chizhou.gov.cn/front/bidcontent/9005001004/142f2d5ea17047b48a819f8c62eaa9da,池州市,1431609.53,1371725.31,8.2,0,建筑工程,4.180000000000007,6.5708599303300845,2.3908599303300777
ah-chizhou-144d7fc77717462684e44cc9bf0b4599,https://ggj.chizhou.gov.cn/front/bidcontent/9005001004/144d7fc77717462684e44cc9bf0b4599,池州市,9920135.04,9580573.93,0,0,水利水电工程,3.4200000000000017,4.0876244577790635,0.6676244577790618
ah-chizhou-145934d7294443bbab16fca2bc47d11c,https://ggj.chizhou.gov.cn/front/bidcontent/9005001004/145934d7294443bbab16fca2bc47d11c,池州市,3731000.0,3444520.0,0,0,建筑工程,7.680000000000007,6.223886939312489,1.4561130606875174
ah-chizhou-158975fddd6e42cbabc0361379137687,https://ggj.chizhou.gov.cn/front/bidcontent/9005001004/158975fddd6e42cbabc0361379137687,池州市,7559790.7,7153183.96,9.5,0,建筑工程,5.3799999999999955,6.079829445441222,0.6998294454412264
ah-chizhou-1661ce0d902a41e686064050b2b78b20,https://ggj.chizhou.gov.cn/front/bidcontent/9005001004/1661ce0d902a41e686064050b2b78b20,池州市,3657912.02,3344081.36,0,0,公路工程,8.579999999999998,5.843611843308034,2.736388156691964
ah-chizhou-166e313a52ec40c9b11d48760e083fa6,https://ggj.chizhou.gov.cn/front/bidcontent/9005001004/166e313a52ec40c9b11d48760e083fa6,池州市,12960620.19,12262082.78,0.3,0,水利水电工程,5.390000000000001,5.464379870276867,0.0743798702768661
ah-chizhou-175e437f35154c66b348c206797b374e,https://ggj.chizhou.gov.cn/front/bidcontent/9005001004/175e437f35154c66b348c206797b374e,池州市,2469716.04,2282759.46,0,0,公路工程,7.569999999999993,6.734502164502164,0.8354978354978293
ah-chizhou-1918248a52454964b02e6d60729f726e,https://ggj.chizhou.gov.cn/front/bidcontent/9005001004/1918248a52454964b02e6d60729f726e,池州市,4495089.38,4289439.05,0,0,水利水电工程,4.569999999999993,6.021969036487688,1.4519690364876947
ah-chizhou-1ab06aa765374736b42a40ca0b72860e,https://ggj.chizhou.gov.cn/front/bidcontent/9005001004/1ab06aa765374736b42a40ca0b72860e,池州市,165923.04,153810.66,0,0,建筑工程,7.299999999999997,7.139691783380017,0.1603082166199803
ah-chizhou-1b0e64b4a12d444f955b57648bc8311e,https://ggj.chizhou.gov.cn/front/bidcontent/9005001004/1b0e64b4a12d444f955b57648bc8311e,池州市,19418685.93,17744688.4,0,0,建筑工程,8.620000000000005,6.41700865081168,2.2029913491883244
ah-chizhou-1b73ea3e16234af8aa54e4cee4bd33c2,https://ggj.chizhou.gov.cn/front/bidcontent/9005001004/1b73ea3e16234af8aa54e4cee4bd33c2,池州市,6192723.15,5891137.53,0,0,建筑工程,4.8700000000000045,6.592924811851468,1.7229248118514633
ah-chizhou-1c3fef169c3a4d238653f9691d1e83f6,https://ggj.chizhou.gov.cn/front/bidcontent/9005001004/1c3fef169c3a4d238653f9691d1e83f6,池州市,5601113.71,5158625.73,0,0,水利水电工程,7.900000000000006,6.6245021645021644,1.2754978354978412
ah-chizhou-1c4758c9aba440e5967703660d98d285,https://ggj.chizhou.gov.cn/front/bidcontent/9005001004/1c4758c9aba440e5967703660d98d285,池州市,4900212.61,4657847.13,0,0,市政公用工程,4.950000000000003,6.586934807367971,1.6369348073679681
ah-chizhou-1cc5da94f3034c7692b35b3ac35a38c6,https://ggj.chizhou.gov.cn/front/bidcontent/9005001004/1cc5da94f3034c7692b35b3ac35a38c6,池州市,1922719.06,1819084.5,0,0,公路工程,5.390000000000001,6.368633761416,0.978633761415999
ah-chizhou-1d10b1e2f4af4be9a14a9595c6996e7d,https://ggj.chizhou.gov.cn/front/bidcontent/9005001004/1d10b1e2f4af4be9a14a9595c6996e7d,池州市,10964959.53,10789419.3,0.1,0,水利水电工程,1.5999999999999943,4.301464779326365,2.701464779326371
ah-chizhou-1d872d99e8474719a72c72ccf627dcd2,https://ggj.chizhou.gov.cn/front/bidcontent/9005001004/1d872d99e8474719a72c72ccf627dcd2,池州市,11638174.84,10971784.82,0,0,市政公用工程,5.730000000000004,6.498673673867925,0.7686736738679212
ah-chizhou-1db046cdc96d48339681e59d88caa8da,https://ggj.chizhou.gov.cn/front/bidcontent/9005001004/1db046cdc96d48339681e59d88caa8da,池州市,6019063.96,5533020.37,0,0,公路工程,8.079999999999998,7.1128354978354995,0.9671645021644988
ah-chizhou-1fc066baee454e7881b275d3b7497cf7,https://ggj.chizhou.gov.cn/front/bidcontent/9005001004/1fc066baee454e7881b275d3b7497cf7,池州市,6775565.63,6574331.33,0,0,水利水电工程,2.969999999999999,5.814736842105264,2.844736842105265
ah-chizhou-20807db4df1a415a903c35d4368a666b,https://ggj.chizhou.gov.cn/front/bidcontent/9005001004/20807db4df1a415a903c35d4368a666b,池州市,44704210.49,44057275.67,0,0,水利水电工程,1.4500000000000028,5.581886824286826,4.131886824286823
ah-chizhou-231fd7973f7848d2944afadcb2ceb073,https://ggj.chizhou.gov.cn/front/bidcontent/9005001004/231fd7973f7848d2944afadcb2ceb073,池州市,6606645.19,6264619.17,0,0,水利水电工程,5.180000000000007,5.813284957240475,0.633284957240468
ah-chizhou-2367365576684e49ba957a40e717b6fb,https://ggj.chizhou.gov.cn/front/bidcontent/9005001004/2367365576684e49ba957a40e717b6fb,池州市,64110985.67,60919468.56,0,0,建筑工程,4.980000000000004,7.2933386411382735,2.3133386411382695
ah-chizhou-24371fe80e2d4245b9e65c903cf41398,https://ggj.chizhou.gov.cn/front/bidcontent/9005001004/24371fe80e2d4245b9e65c903cf41398,池州市,13423322.28,12920887.33,0,0,建筑工程,3.739999999999995,5.2718040273332605,1.5318040273332656
ah-chizhou-25203f64c9db439598d380a0c6578da0,https://ggj.chizhou.gov.cn/front/bidcontent/9005001004/25203f64c9db439598d380a0c6578da0,池州市,209234247.32,194797084.25,0,0,建筑工程,6.900000000000006,7.779201091269844,0.879201091269838
ah-chizhou-25ce3a3ceb3048afbdb3f57057eea4d6,https://ggj.chizhou.gov.cn/front/bidcontent/9005001004/25ce3a3ceb3048afbdb3f57057eea4d6,池州市,41978590.91,39590288.7,0,0,建筑工程,5.689999999999998,6.255935163387715,0.5659351633877172
ah-chizhou-267715d57ac045f9adfd49bbe1b64410,https://ggj.chizhou.gov.cn/front/bidcontent/9005001004/267715d57ac045f9adfd49bbe1b64410,池州市,1549125.91,1296928.21,0,0,公路工程,16.28,6.179959167896586,10.100040832103415
ah-chizhou-269ebbbf2e2c4a30ab1c2644ac7c7847,https://ggj.chizhou.gov.cn/front/bidcontent/9005001004/269ebbbf2e2c4a30ab1c2644ac7c7847,池州市,4373371.91,4266967.77,0,0,水利水电工程,2.430000000000007,6.189991054919384,3.759991054919377
ah-chizhou-26be39b9661947dca6c2fdd2fc6721f9,https://ggj.chizhou.gov.cn/front/bidcontent/9005001004/26be39b9661947dca6c2fdd2fc6721f9,池州市,8311803.98,7691812.78,0,0,市政公用工程,7.459999999999994,6.569657606092338,0.8903423939076553
ah-chizhou-279712fef7084048bd1f01dbb15d76c7,https://ggj.chizhou.gov.cn/front/bidcontent/9005001004/279712fef7084048bd1f01dbb15d76c7,池州市,3422345.01,2967857.59,0,0,建筑工程,13.280000000000001,6.580085785038129,6.699914214961872
ah-chizhou-2946a6d451804cbdaa27d0e1ec351be9,https://ggj.chizhou.gov.cn/front/bidcontent/9005001004/2946a6d451804cbdaa27d0e1ec351be9,池州市,8238508.08,7811323.31,0,0,市政公用工程,5.189999999999998,5.899736878590673,0.7097368785906752
ah-chizhou-2aee03f4781f47219557e7bbb72820c6,https://ggj.chizhou.gov.cn/front/bidcontent/9005001004/2aee03f4781f47219557e7bbb72820c6,池州市,8952235.76,8323273.29,0,0,市政公用工程,7.030000000000001,7.9370716003891815,0.9070716003891803
ah-chizhou-2afc4f0af56c4a9faf8378aa96d694e8,https://ggj.chizhou.gov.cn/front/bidcontent/9005001004/2afc4f0af56c4a9faf8378aa96d694e8,池州市,7162286.13,6834969.65,0,0,建筑工程,4.569999999999993,5.17141915634675,0.6014191563467568
ah-chizhou-2b334bc17b5f41a4aa255712f4f365c2,https://ggj.chizhou.gov.cn/front/bidcontent/9005001004/2b334bc17b5f41a4aa255712f4f365c2,池州市,10196443.51,9480082.16,0,0,市政公用工程,7.030000000000001,6.270109553161403,0.7598904468385985
ah-chizhou-2be16fde18b1429f8a1b230fa14c9e4e,https://ggj.chizhou.gov.cn/front/bidcontent/9005001004/2be16fde18b1429f8a1b230fa14c9e4e,池州市,235320842.06,214141965.0,0,0,建筑工程,9.0,7.404760498366015,1.5952395016339853
ah-chizhou-2be2bdde6aed45f1bf32d9450790dd94,https://ggj.chizhou.gov.cn/front/bidcontent/9005001004/2be2bdde6aed45f1bf32d9450790dd94,池州市,31820798.08,31305257.74,0,0,水利水电工程,1.6200000000000045,4.878657116052163,3.2586571160521585
ah-chizhou-2d4444a300d94c398abd027b47516d61,https://ggj.chizhou.gov.cn/front/bidcontent/9005001004/2d4444a300d94c398abd027b47516d61,池州市,8015212.2,7316421.96,0,0,水利水电工程,8.719999999999999,4.856060709580275,3.863939290419724
ah-chizhou-2d605fc008d74e7e8917d28550838295,https://ggj.chizhou.gov.cn/front/bidcontent/9005001004/2d605fc008d74e7e8917d28550838295,池州市,1527951.38,1436275.0,0,0,建筑工程,6.0,6.105024429639766,0.10502442963976577
ah-chizhou-2db239e79f0e4dc5a3e2bb650a65c100,https://ggj.chizhou.gov.cn/front/bidcontent/9005001004/2db239e79f0e4dc5a3e2bb650a65c100,池州市,3899185.29,3769342.42,0,0,公路工程,3.3299999999999983,6.386126820115425,3.056126820115427
ah-chizhou-2e02f5e174f848e09bb9bab0a3ac71a1,https://ggj.chizhou.gov.cn/front/bidcontent/9005001004/2e02f5e174f848e09bb9bab0a3ac71a1,池州市,10661077.26,10403356.37,0.2,0,水利水电工程,2.4200000000000017,5.89563483067946,3.475634830679458
ah-chizhou-2f58e806f0f0424d83497c5400a694ed,https://ggj.chizhou.gov.cn/front/bidcontent/9005001004/2f58e806f0f0424d83497c5400a694ed,池州市,30626054.79,28850133.15,0,0,建筑工程,5.799999999999997,3.838333333333333,1.9616666666666642
ah-chizhou-2fe5ded1189a43158a3be80840287b3c,https://ggj.chizhou.gov.cn/front/bidcontent/9005001004/2fe5ded1189a43158a3be80840287b3c,池州市,8213927.32,7493541.24,0,0,市政公用工程,8.769999999999996,6.237096291085869,2.5329037089141266
ah-chizhou-316190a3bbb64756b82211865922ae3c,https://ggj.chizhou.gov.cn/front/bidcontent/9005001004/316190a3bbb64756b82211865922ae3c,池州市,4015699.3,3634047.24,10.9,0,市政公用工程,9.5,5.942934710262685,3.5570652897373147
ah-chizhou-31af782771f748f1860d05294a51aff0,https://ggj.chizhou.gov.cn/front/bidcontent/9005001004/31af782771f748f1860d05294a51aff0,池州市,5197611.69,4355078.84,0,0,公路工程,16.209999999999994,7.871882025613275,8.33811797438672
ah-chizhou-31b94ffd3ada4a50a6d068af35c76c73,https://ggj.chizhou.gov.cn/front/bidcontent/9005001004/31b94ffd3ada4a50a6d068af35c76c73,池州市,2790090.78,2562140.36,0,0,公路工程,8.170000000000002,7.156352935017882,1.0136470649821199
ah-chizhou-31bfbc191e7f4b508c6c59199dce097e,https://ggj.chizhou.gov.cn/front/bidcontent/9005001004/31bfbc191e7f4b508c6c59199dce097e,池州市,15804100.0,15192620.0,0,0,市政公用工程,3.8700000000000045,4.539404942233634,0.6694049422336299
ah-chizhou-348caa997eca4d54bb862cb1dd2c7671,https://ggj.chizhou.gov.cn/front/bidcontent/9005001004/348caa997eca4d54bb862cb1dd2c7671,池州市,8167717.4,7471319.57,0,0,市政公用工程,8.530000000000001,4.49625,4.033750000000001
ah-chizhou-349a5b0d1d1a4080bcd740c893fbafc7,https://ggj.chizhou.gov.cn/front/bidcontent/9005001004/349a5b0d1d1a4080bcd740c893fbafc7,池州市,17947171.36,16102454.23,0,0,,10.280000000000001,7.122661949170398,3.157338050829603
ah-chizhou-35925e6b40004bf7b767e53eae151122,https://ggj.chizhou.gov.cn/front/bidcontent/9005001004/35925e6b40004bf7b767e53eae151122,池州市,10256114.18,9366909.07,0,0,市政公用工程,8.670000000000002,6.5703680024610005,2.099631997539001
ah-chizhou-35ca2702b5734588a06d874bbdf6e8c6,https://ggj.chizhou.gov.cn/front/bidcontent/9005001004/35ca2702b5734588a06d874bbdf6e8c6,池州市,8817940.0,8720000.0,0,0,,1.1099999999999994,6.85929132034728,5.749291320347281
ah-chizhou-36ff5c6abc2b477e96a246cf5ef02b77,https://ggj.chizhou.gov.cn/front/bidcontent/9005001004/36ff5c6abc2b477e96a246cf5ef02b77,池州市,5530117.97,5234211.29,0,0,公路工程,5.349999999999994,6.312018539831808,0.9620185398318135
ah-chizhou-375166f079df4d7bbc80dc3388c74e8b,https://ggj.chizhou.gov.cn/front/bidcontent/9005001004/375166f079df4d7bbc80dc3388c74e8b,池州市,348654985.79,300605721.49,0,0,公路工程,13.780000000000001,12.285985714285712,1.4940142857142895
ah-chizhou-38cb69746f774302ab7ddf9ea7a3fac2,https://ggj.chizhou.gov.cn/front/bidcontent/9005001004/38cb69746f774302ab7ddf9ea7a3fac2,池州市,33543065.65,30921629.45,0,0,市政公用工程,7.819999999999993,6.827370227417674,0.992629772582319
ah-chizhou-3973ae696e7d474ea372917606cdade8,https://ggj.chizhou.gov.cn/front/bidcontent/9005001004/3973ae696e7d474ea372917606cdade8,池州市,8337302.39,8122700.23,0,0,建筑工程,2.569999999999993,6.3166948081546455,3.7466948081546523
ah-chizhou-399d51ac382b4e138b9b67ec8c53b648,https://ggj.chizhou.gov.cn/front/bidcontent/9005001004/399d51ac382b4e138b9b67ec8c53b648,池州市,136653399.64,116336953.45,0,0,公路工程,14.870000000000005,7.952849566184501,6.917150433815504
ah-chizhou-3a8cfba6f8d749f7a47becc5c3b4c6cf,https://ggj.chizhou.gov.cn/front/bidcontent/9005001004/3a8cfba6f8d749f7a47becc5c3b4c6cf,池州市,27089933.79,25857169.26,0,0,建筑工程,4.549999999999997,4.135,0.41499999999999737
ah-chizhou-3b930c1f86214722b86cff2744443e34,https://ggj.chizhou.gov.cn/front/bidcontent/9005001004/3b930c1f86214722b86cff2744443e34,池州市,31422400.0,29851280.0,0,0,市政公用工程,5.0,3.3432705500381976,1.6567294499618024
ah-chizhou-3ca3b144dc7341f7a571e4a6e4b3a7af,https://ggj.chizhou.gov.cn/front/bidcontent/9005001004/3ca3b144dc7341f7a571e4a6e4b3a7af,池州市,2700000.0,2430000.0,0,0,公路工程,10.0,7.2495021645021644,2.7504978354978356
ah-chizhou-3d4f90ce434a4d35a85bb18b1c8e6c7c,https://ggj.chizhou.gov.cn/front/bidcontent/9005001004/3d4f90ce434a4d35a85bb18b1c8e6c7c,池州市,3513967.32,3359732.83,0,0,公路工程,4.390000000000001,5.9871750003913835,1.597175000391383
ah-chizhou-3d9ed43b2cfe47cbb607c4afd6d75679,https://ggj.chizhou.gov.cn/front/bidcontent/9005001004/3d9ed43b2cfe47cbb607c4afd6d75679,池州市,5498924.06,5150476.1162,0,0,公路工程,6.340000000000003,6.256897077275871,0.083102922724132
ah-chizhou-3f4945ac5dcf47c88331bbd7fcbe3c79,https://ggj.chizhou.gov.cn/front/bidcontent/9005001004/3f4945ac5dcf47c88331bbd7fcbe3c79,池州市,9983861.92,9271100.54,0,0,公路工程,7.140000000000001,4.928963560948858,2.211036439051143
ah-chizhou-3ff05246910f4020995b0842bfdf0d71,https://ggj.chizhou.gov.cn/front/bidcontent/9005001004/3ff05246910f4020995b0842bfdf0d71,池州市,11233789.03,10735384.01,0,0,,4.439999999999998,6.297112934981689,1.857112934981691
ah-chizhou-4228a0714bda459e9e25609490e6819e,https://ggj.chizhou.gov.cn/front/bidcontent/9005001004/4228a0714bda459e9e25609490e6819e,池州市,9117016.43,8615580.53,0,0,水利水电工程,5.5,9.72078755277231,4.220787552772309
ah-chizhou-43190a9e52cb4de99524216f35cb0b63,https://ggj.chizhou.gov.cn/front/bidcontent/9005001004/43190a9e52cb4de99524216f35cb0b63,池州市,10625354.02,10063272.79,0,0,建筑工程,5.290000000000006,5.895469275071871,0.6054692750718651
ah-chizhou-44646926d381457aa5ed8145036131ca,https://ggj.chizhou.gov.cn/front/bidcontent/9005001004/44646926d381457aa5ed8145036131ca,池州市,13173256.76,11967601.79,0,0,公路工程,9.150000000000006,5.5514169679005185,3.598583032099487
ah-chizhou-456597ce887247ddab3d4ae8b2e1c698,https://ggj.chizhou.gov.cn/front/bidcontent/9005001004/456597ce887247ddab3d4ae8b2e1c698,池州市,6632729.46,6343323.72,0,0,水利水电工程,4.359999999999999,5.845983716502797,1.4859837165027976
ah-chizhou-45ec0a3a63be4c79a9016ba11081b993,https://ggj.chizhou.gov.cn/front/bidcontent/9005001004/45ec0a3a63be4c79a9016ba11081b993,池州市,1937544.4,1802072.73,0,0,公路工程,6.989999999999995,6.647835497835498,0.342164502164497
ah-chizhou-46643cdaa14249e6b6951856db9cb92c,https://ggj.chizhou.gov.cn/front/bidcontent/9005001004/46643cdaa14249e6b6951856db9cb92c,池州市,52997330.13,48700730.59,0,0,建筑工程,8.11,7.464404502360386,0.6455954976396132
ah-chizhou-46cfb65fe2b4467b9766d1c90923b08d,https://ggj.chizhou.gov.cn/front/bidcontent/9005001004/46cfb65fe2b4467b9766d1c90923b08d,池州市,19392397.87,17937968.03,0,0,建筑工程,7.5,6.633758623609987,0.866241376390013
ah-chizhou-47e5145b2fdc4966ac7b421e9b152457,https://ggj.chizhou.gov.cn/front/bidcontent/9005001004/47e5145b2fdc4966ac7b421e9b152457,池州市,218720.2,202753.63,0,0,建筑工程,7.299999999999997,6.954154545454543,0.34584545454545434
ah-chizhou-48438cd23b534b04b1777e39f57d21a4,https://ggj.chizhou.gov.cn/front/bidcontent/9005001004/48438cd23b534b04b1777e39f57d21a4,池州市,7482145.66,6655185.59,0,0,市政公用工程,11.049999999999997,6.111755240236464,4.938244759763533
ah-chizhou-486e76d6eab1455e9bc4fac8b7584592,https://ggj.chizhou.gov.cn/front/bidcontent/9005001004/486e76d6eab1455e9bc4fac8b7584592,池州市,18331580.34,17315952.12,0,0,建筑工程,5.540000000000006,6.411970574017246,0.8719705740172401
ah-chizhou-498bb07635044aacbe3344ebe6adc436,https://ggj.chizhou.gov.cn/front/bidcontent/9005001004/498bb07635044aacbe3344ebe6adc436,池州市,4523735.61,4116599.4,0,0,,9.0,5.986484328281845,3.013515671718155
ah-chizhou-4a7f9da16b4d49ef861249b18045c156,https://ggj.chizhou.gov.cn/front/bidcontent/9005001004/4a7f9da16b4d49ef861249b18045c156,池州市,13087317.74,12273875.74,0,0,,6.219999999999999,5.46150406504065,0.758495934959349
ah-chizhou-4aa08f9346094be680240bae4a036d9f,https://ggj.chizhou.gov.cn/front/bidcontent/9005001004/4aa08f9346094be680240bae4a036d9f,池州市,12282977.22,11354786.26,0,0,市政公用工程,7.560000000000002,6.271647290828756,1.288352709171246
ah-chizhou-4d42cd0e4928481aa35451b9b75e0ce3,https://ggj.chizhou.gov.cn/front/bidcontent/9005001004/4d42cd0e4928481aa35451b9b75e0ce3,池州市,24908800.0,23638451.0,0,0,市政公用工程,5.099999999999994,6.784662692190329,1.6846626921903347
ah-chizhou-502c2712648147b18c0355c3129dcac6,https://ggj.chizhou.gov.cn/front/bidcontent/9005001004/502c2712648147b18c0355c3129dcac6,池州市,274321376.29,273918344.42,0,0,公路工程,0.15000000000000568,5.786192252886005,5.636192252886
ah-chizhou-51b8f8abd0434902b9ad1594013fdd43,https://ggj.chizhou.gov.cn/front/bidcontent/9005001004/51b8f8abd0434902b9ad1594013fdd43,池州市,9721538.55,9119724.21,0,0,公路工程,6.189999999999998,3.3414695611577976,2.8485304388422
ah-chizhou-52912054495940fc8dce985ebb51218f,https://ggj.chizhou.gov.cn/front/bidcontent/9005001004/52912054495940fc8dce985ebb51218f,池州市,5144018.19,4894841.95,0,0,公路工程,4.840000000000003,8.099502164502164,3.2595021645021607
ah-chizhou-5630475d8c7646d2a765f08c2ff78721,https://ggj.chizhou.gov.cn/front/bidcontent/9005001004/5630475d8c7646d2a765f08c2ff78721,池州市,5919868.0,5528000.0,0,0,公路工程,6.6200000000000045,7.410402321534676,0.7904023215346712
ah-chizhou-565fbc0c68b94c14b9ec4ec7dbd7478f,https://ggj.chizhou.gov.cn/front/bidcontent/9005001004/565fbc0c68b94c14b9ec4ec7dbd7478f,池州市,21228900.0,19106010.0,0,0,市政公用工程,10.0,5.744908954933955,4.255091045066045
ah-chizhou-56a685e74747480097198e30a71b4bc5,https://ggj.chizhou.gov.cn/front/bidcontent/9005001004/56a685e74747480097198e30a71b4bc5,池州市,5836250.6,5398805.73,0,0,市政公用工程,7.5,6.591272777220675,0.9087272227793246
ah-chizhou-56e61b3620b043fd9a790641fcd31352,https://ggj.chizhou.gov.cn/front/bidcontent/9005001004/56e61b3620b043fd9a790641fcd31352,池州市,72768060.97,66124337.0,0,0,建筑工程,9.129999999999995,7.236468869110943,1.8935311308890528
ah-chizhou-57d3711c561d4eff92f1549a8250c7d7,https://ggj.chizhou.gov.cn/front/bidcontent/9005001004/57d3711c561d4eff92f1549a8250c7d7,池州市,18418593.86,17361036.04,0,0,公路工程,5.739999999999995,6.412373829045963,0.6723738290459682
ah-chizhou-591a346e33c242769fb2391277fd9f7b,https://ggj.chizhou.gov.cn/front/bidcontent/9005001004/591a346e33c242769fb2391277fd9f7b,池州市,72933178.25,71831887.26,0,0,水利水电工程,1.5100000000000051,7.237234087820495,5.72723408782049
ah-chizhou-591ebace83814dde8067ca7addd728a2,https://ggj.chizhou.gov.cn/front/bidcontent/9005001004/591ebace83814dde8067ca7addd728a2,池州市,14078497.4,13866800.0,0,0,,1.5,5.2596801335541805,3.7596801335541805
ah-chizhou-5a102c8b498d4987a24d690eac8b0c07,https://ggj.chizhou.gov.cn/front/bidcontent/9005001004/5a102c8b498d4987a24d690eac8b0c07,池州市,10165689.4,9373487.39,0,0,市政公用工程,7.790000000000006,6.619397630259206,1.1706023697408003
ah-chizhou-5ba237e2f4294880830a3c99a4cf32c2,https://ggj.chizhou.gov.cn/front/bidcontent/9005001004/5ba237e2f4294880830a3c99a4cf32c2,池州市,6479983.16,6238580.61,0,0,水利水电工程,3.730000000000004,7.023678934096949,3.2936789340969455
ah-chizhou-5bf9da4547d04bd7a28f02bb48129604,https://ggj.chizhou.gov.cn/front/bidcontent/9005001004/5bf9da4547d04bd7a28f02bb48129604,池州市,5912834.83,5007063.958,0,0,公路工程,15.319999999999993,7.569371360296425,7.750628639703568
ah-chizhou-5d0c384f7fbe49fba69cb6a6da7ffba7,https://ggj.chizhou.gov.cn/front/bidcontent/9005001004/5d0c384f7fbe49fba69cb6a6da7ffba7,池州市,2890267.28,2735088.83,0,0,公路工程,5.3700000000000045,6.94636323953824,1.5763632395382352
ah-chizhou-5e8bac3535574ecc844c2d58d8c8cfa4,https://ggj.chizhou.gov.cn/front/bidcontent/9005001004/5e8bac3535574ecc844c2d58d8c8cfa4,池州市,253434391.3,229654852.48,0,0,建筑工程,9.379999999999995,6.187789419934642,3.1922105800653533
ah-chizhou-5fe51f7b14544a6283ba28e80ccaee75,https://ggj.chizhou.gov.cn/front/bidcontent/9005001004/5fe51f7b14544a6283ba28e80ccaee75,池州市,27413870.25,26117194.19,0,0,建筑工程,4.730000000000004,4.151462949346404,0.5785370506536003
ah-chizhou-612e22c9478b4a958873710871a563bd,https://ggj.chizhou.gov.cn/front/bidcontent/9005001004/612e22c9478b4a958873710871a563bd,池州市,1711708.18,1634681.31,0,0,公路工程,4.5,6.36162013032807,1.8616201303280704
ah-chizhou-6169951649664987836ce1ec6e076f62,https://ggj.chizhou.gov.cn/front/bidcontent/9005001004/6169951649664987836ce1ec6e076f62,池州市,196873308.89,182639368.65,0,0,建筑工程,7.230000000000004,7.648552547942256,0.4185525479422516
ah-chizhou-63bbd38a74d64c6a9e160cafdf2f6b25,https://ggj.chizhou.gov.cn/front/bidcontent/9005001004/63bbd38a74d64c6a9e160cafdf2f6b25,池州市,5110483.14,4935040.25,0,0,建筑工程,3.430000000000007,6.587909284077034,3.157909284077027
ah-chizhou-647c61f010f54048b6055edd1381bb51,https://ggj.chizhou.gov.cn/front/bidcontent/9005001004/647c61f010f54048b6055edd1381bb51,池州市,13956600.82,13290599.99,0,0,水利水电工程,4.769999999999996,5.3417381762081195,0.5717381762081235
ah-chizhou-65144d4e4df64ab985cc0b04e79abd42,https://ggj.chizhou.gov.cn/front/bidcontent/9005001004/65144d4e4df64ab985cc0b04e79abd42,池州市,33263202.3,30603475.71,0,0,市政公用工程,8.0,6.538877942653054,1.4611220573469463
ah-chizhou-65736dc48fd94599881b66f2b2121e6d,https://ggj.chizhou.gov.cn/front/bidcontent/9005001004/65736dc48fd94599881b66f2b2121e6d,池州市,6566461.4,6246755.55,0,0,建筑工程,4.8700000000000045,6.0001546980551765,1.130154698055172
ah-chizhou-65953e9aec914812b46c97454b361c7d,https://ggj.chizhou.gov.cn/front/bidcontent/9005001004/65953e9aec914812b46c97454b361c7d,池州市,8384739.59,7885429.43,0,0,建筑工程,5.950000000000003,7.156683698499837,1.206683698499834
ah-chizhou-68301d3174394a29b1b6dfcf1ea9b563,https://ggj.chizhou.gov.cn/front/bidcontent/9005001004/68301d3174394a29b1b6dfcf1ea9b563,池州市,8395337.55,7765760.2,0,0,市政公用工程,7.5,7.296800007631256,0.2031999923687442
ah-chizhou-686e7d3f75144395813cb5d29b5b4e12,https://ggj.chizhou.gov.cn/front/bidcontent/9005001004/686e7d3f75144395813cb5d29b5b4e12,池州市,10366252.45,9516177.51,0,0,市政公用工程,8.200000000000003,6.469431097657443,1.7305689023425597
ah-chizhou-697f08906cb6482594b960ad374230ba,https://ggj.chizhou.gov.cn/front/bidcontent/9005001004/697f08906cb6482594b960ad374230ba,池州市,10757966.94,10259399.72,0,0,建筑工程,4.6299999999999955,5.896083855735459,1.266083855735464
ah-chizhou-6a33b811c23443af8ae684fbba9153c4,https://ggj.chizhou.gov.cn/front/bidcontent/9005001004/6a33b811c23443af8ae684fbba9153c4,池州市,15215700.0,14362030.05,0,0,建筑工程,5.609999999999999,5.539837398373985,0.07016260162601462
ah-chizhou-6a87cbc37bce4390b83ba9c69fbe18ed,https://ggj.chizhou.gov.cn/front/bidcontent/9005001004/6a87cbc37bce4390b83ba9c69fbe18ed,池州市,365397405.0,316062275.5,0,0,公路工程,13.5,13.317283333333332,0.18271666666666775
ah-chizhou-6a93170579ac4a1b9a3833de72c05b34,https://ggj.chizhou.gov.cn/front/bidcontent/9005001004/6a93170579ac4a1b9a3833de72c05b34,池州市,8796503.32,7652957.89,0,0,公路工程,13.0,10.68625359848485,2.31374640151515
ah-chizhou-6b75dc75e9a147ff9814be9dd5a192a2,https://ggj.chizhou.gov.cn/front/bidcontent/9005001004/6b75dc75e9a147ff9814be9dd5a192a2,池州市,78069477.38,68572709.56,10.9,0,市政公用工程,12.159999999999997,6.753285926907102,5.406714073092894
ah-chizhou-6caa124da1e540b795c8bbb41ec6896f,https://ggj.chizhou.gov.cn/front/bidcontent/9005001004/6caa124da1e540b795c8bbb41ec6896f,池州市,5367541.9,5265558.6,0,0,水利水电工程,1.9000000000000057,5.446138602366871,3.5461386023668657
ah-chizhou-6dfe43bf47a7479f8d78516094b2f69f,https://ggj.chizhou.gov.cn/front/bidcontent/9005001004/6dfe43bf47a7479f8d78516094b2f69f,池州市,26374111.09,25085735.61,0,0,公路工程,4.890000000000001,5.931832054093567,1.0418320540935664
ah-chizhou-6e5dda6a59c2442fbaa923dace36819d,https://ggj.chizhou.gov.cn/front/bidcontent/9005001004/6e5dda6a59c2442fbaa923dace36819d,池州市,15953292.15,14741639.61,0,0,,7.599999999999994,5.479837398373984,2.12016260162601
ah-chizhou-6f707b01f8914954a080f2f73d073ffb,https://ggj.chizhou.gov.cn/front/bidcontent/9005001004/6f707b01f8914954a080f2f73d073ffb,池州市,6335956.86,5832248.29,0,0,公路工程,7.950000000000003,6.744502164502167,1.2054978354978356
ah-chizhou-7008edc535754ec4aed1c3cac80bd7ac,https://ggj.chizhou.gov.cn/front/bidcontent/9005001004/7008edc535754ec4aed1c3cac80bd7ac,池州市,20526716.19,19589445.17,0,0,建筑工程,4.569999999999993,5.873958333333331,1.3039583333333375
ah-chizhou-705d7fb69d9f498097c9f5220e4a79bb,https://ggj.chizhou.gov.cn/front/bidcontent/9005001004/705d7fb69d9f498097c9f5220e4a79bb,池州市,10976077.12,10830251.38,0.3,0,水利水电工程,1.3299999999999983,4.346873847953815,3.016873847953817
ah-chizhou-7060e7590b034dbb9413d1cf2a048f97,https://ggj.chizhou.gov.cn/front/bidcontent/9005001004/7060e7590b034dbb9413d1cf2a048f97,池州市,5625139.52,5271880.76,0,0,水利水电工程,6.280000000000001,6.465131162606742,0.18513116260674067
ah-chizhou-712d09b120c545d88907559da51085fd,https://ggj.chizhou.gov.cn/front/bidcontent/9005001004/712d09b120c545d88907559da51085fd,池州市,26067714.67,24523218.89,0,0,建筑工程,5.920000000000002,6.124340400326798,0.2043404003267959
ah-chizhou-7205d36d76b24d05914d64468d784aeb,https://ggj.chizhou.gov.cn/front/bidcontent/9005001004/7205d36d76b24d05914d64468d784aeb,池州市,38322935.89,35070036.8,0,0,建筑工程,8.489999999999995,8.074479523948273,0.4155204760517215
ah-chizhou-73856abb3270427fb3a9dc59daf1b923,https://ggj.chizhou.gov.cn/front/bidcontent/9005001004/73856abb3270427fb3a9dc59daf1b923,池州市,3850829.82,3721827.02,0,0,公路工程,3.3499999999999943,6.385902721763313,3.0359027217633185
ah-chizhou-73ba72735c5e41729ff625d12ba04a75,https://ggj.chizhou.gov.cn/front/bidcontent/9005001004/73ba72735c5e41729ff625d12ba04a75,池州市,15820030.19,15008743.22,8.5,0,建筑工程,5.1299999999999955,4.519837398373984,0.6101626016260111
ah-chizhou-73dca2d371d14bcf981b3886c30d9511,https://ggj.chizhou.gov.cn/front/bidcontent/9005001004/73dca2d371d14bcf981b3886c30d9511,池州市,87345529.34,83423758.16,0,0,建筑工程,4.489999999999995,6.773366316404475,2.2833663164044804
ah-chizhou-73e225a56f1d44cbb56dd282c33eaa59,https://ggj.chizhou.gov.cn/front/bidcontent/9005001004/73e225a56f1d44cbb56dd282c33eaa59,池州市,7609230.38,7315405.02,0,0,水利水电工程,3.8599999999999994,5.902443378332192,2.0424433783321927
ah-chizhou-761284f84f7945b992920dd23da621c3,https://ggj.chizhou.gov.cn/front/bidcontent/9005001004/761284f84f7945b992920dd23da621c3,池州市,15395171.18,14541262.11,0,0,公路工程,5.549999999999997,5.9257551282051235,0.37575512820512635
ah-chizhou-771c4a86e7f8420aa573bf50ed356203,https://ggj.chizhou.gov.cn/front/bidcontent/9005001004/771c4a86e7f8420aa573bf50ed356203,池州市,6949200.0,6789000.0,0,0,,2.3100000000000023,5.44140350877193,3.1314035087719274
ah-chizhou-772d570f4c214dab9484d2d7e6ba5100,https://ggj.chizhou.gov.cn/front/bidcontent/9005001004/772d570f4c214dab9484d2d7e6ba5100,池州市,141866618.44,129664996.62,0,0,建筑工程,8.599999999999994,7.656196497194159,0.9438035028058351
ah-chizhou-785c375cdb15499d837604aeb12137a1,https://ggj.chizhou.gov.cn/front/bidcontent/9005001004/785c375cdb15499d837604aeb12137a1,池州市,14406571.66,13344009.56,0,0,市政公用工程,7.3799999999999955,5.499821331056369,1.8801786689436266
ah-chizhou-79381538605744c8902498ed33c71167,https://ggj.chizhou.gov.cn/front/bidcontent/9005001004/79381538605744c8902498ed33c71167,池州市,5292401.48,4951561.92,0,0,公路工程,6.439999999999998,6.838556782106782,0.3985567821067839
ah-chizhou-79a5d1495a964ff2b8a5aac07d79db5b,https://ggj.chizhou.gov.cn/front/bidcontent/9005001004/79a5d1495a964ff2b8a5aac07d79db5b,池州市,5397409.64,5122732.41,0,0,市政公用工程,5.090000000000003,6.314576236846098,1.2245762368460946
ah-chizhou-7aafc2a3fe754286a11cd12a55663d25,https://ggj.chizhou.gov.cn/front/bidcontent/9005001004/7aafc2a3fe754286a11cd12a55663d25,池州市,3895073.44,3505566.1,0,0,,10.0,6.386107764178028,3.6138922358219716
ah-chizhou-7b80f504d8ae46328ea787889f4365ba,https://ggj.chizhou.gov.cn/front/bidcontent/9005001004/7b80f504d8ae46328ea787889f4365ba,池州市,6240096.14,5748860.2,0,0,市政公用工程,7.8700000000000045,6.550245091051664,1.3197549089483402
ah-chizhou-7c16420543764757a28073e707a74776,https://ggj.chizhou.gov.cn/front/bidcontent/9005001004/7c16420543764757a28073e707a74776,池州市,11711104.99,10646380.62,0,0,市政公用工程,9.090000000000003,6.590813270007951,2.4991867299920525
ah-chizhou-7dcdf081e2b4407ebfe5c7d7d8fe482c,https://ggj.chizhou.gov.cn/front/bidcontent/9005001004/7dcdf081e2b4407ebfe5c7d7d8fe482c,池州市,7200925.42,6947380.84,0,0,水利水电工程,3.519999999999996,5.09012257384858,1.5701225738485842
ah-chizhou-7e15ec62c4b040bdbedc0db171224179,https://ggj.chizhou.gov.cn/front/bidcontent/9005001004/7e15ec62c4b040bdbedc0db171224179,池州市,7645446.34,7233097.88,7.7,0,建筑工程,5.390000000000001,5.544690075844777,0.15469007584477623
ah-chizhou-7e7c50ed3a1f4877896d6de77595e2dd,https://ggj.chizhou.gov.cn/front/bidcontent/9005001004/7e7c50ed3a1f4877896d6de77595e2dd,池州市,491369746.0,420429949.219,0,0,公路工程,14.439999999999998,12.678514285714284,1.7614857142857137
ah-chizhou-7fa7634ec28348ee8ae6be172548ffde,https://ggj.chizhou.gov.cn/front/bidcontent/9005001004/7fa7634ec28348ee8ae6be172548ffde,池州市,4631248.71,4266352.62,0,0,市政公用工程,7.8799999999999955,5.775163001962727,2.1048369980372685
ah-chizhou-8052de9098724ce08c40f6a392477877,https://ggj.chizhou.gov.cn/front/bidcontent/9005001004/8052de9098724ce08c40f6a392477877,池州市,4985807.92,4295273.33,0,0,市政公用工程,13.849999999999994,7.449620091531277,6.400379908468717
ah-chizhou-80903eeb705147c9a08710ceec95fe05,https://ggj.chizhou.gov.cn/front/bidcontent/9005001004/80903eeb705147c9a08710ceec95fe05,池州市,16504012.36,15682277.58,0,0,建筑工程,4.980000000000004,8.3673457521645,3.387345752164496
ah-chizhou-81abdb5af4a34874bbcdb73401479c9c,https://ggj.chizhou.gov.cn/front/bidcontent/9005001004/81abdb5af4a34874bbcdb73401479c9c,池州市,14567330.1,13502149.75,0,0,水利水电工程,7.310000000000002,5.838170731707318,1.4718292682926846
ah-chizhou-82a9cde157db4790860c731036c76a8e,https://ggj.chizhou.gov.cn/front/bidcontent/9005001004/82a9cde157db4790860c731036c76a8e,池州市,20332533.05,19724590.31,0,0,水利水电工程,2.989999999999995,6.0141623015873,3.024162301587305
ah-chizhou-8422cae2a2014968bb0a175e9e5f02f5,https://ggj.chizhou.gov.cn/front/bidcontent/9005001004/8422cae2a2014968bb0a175e9e5f02f5,池州市,6515842.83,6089120.28,0,0,水利水电工程,6.549999999999997,9.804074107142856,3.254074107142859
ah-chizhou-842d2ca5deea443796433c546e2e25af,https://ggj.chizhou.gov.cn/front/bidcontent/9005001004/842d2ca5deea443796433c546e2e25af,池州市,6466205.68,5920508.88,0,0,公路工程,8.439999999999998,6.928569177623205,1.5114308223767932
ah-chizhou-8494914071ce4705a4392654aee7b349,https://ggj.chizhou.gov.cn/front/bidcontent/9005001004/8494914071ce4705a4392654aee7b349,池州市,3361372.96,3112078.73,0,0,公路工程,7.420000000000002,6.891836985930738,0.5281630140692641
ah-chizhou-854635663e894e99b980d1c9402cf2f4,https://ggj.chizhou.gov.cn/front/bidcontent/9005001004/854635663e894e99b980d1c9402cf2f4,池州市,7629907.72,7159881.98,0,0,水利水电工程,6.159999999999997,5.622884133126934,0.5371158668730622
ah-chizhou-8625068f44e64716b06fa6e7cee2f6ee,https://ggj.chizhou.gov.cn/front/bidcontent/9005001004/8625068f44e64716b06fa6e7cee2f6ee,池州市,11204733.0,10360085.15,0,0,公路工程,7.540000000000006,6.359983614457162,1.180016385542844
ah-chizhou-8682a7f66a3c4cc79c6da6bdbce6e468,https://ggj.chizhou.gov.cn/front/bidcontent/9005001004/8682a7f66a3c4cc79c6da6bdbce6e468,池州市,16148798.42,14916629.42,0,0,公路工程,7.6299999999999955,6.405913888267305,1.2240861117326904
ah-chizhou-868c6e66b2a14628b2665fbb6c5fcdaa,https://ggj.chizhou.gov.cn/front/bidcontent/9005001004/868c6e66b2a14628b2665fbb6c5fcdaa,池州市,12132300.82,11297007.07,0,0,公路工程,6.8799999999999955,6.556867478380864,0.3231325216191312
ah-chizhou-870aaebd57ee4333af138c066d9bd636,https://ggj.chizhou.gov.cn/front/bidcontent/9005001004/870aaebd57ee4333af138c066d9bd636,池州市,3440055.59,3254292.59,0,0,公路工程,5.400000000000006,6.43357689133442,1.0335768913344143
ah-chizhou-880108e580684c51b550274404014004,https://ggj.chizhou.gov.cn/front/bidcontent/9005001004/880108e580684c51b550274404014004,池州市,16696224.97,15376232.63,0,0,市政公用工程,7.909999999999997,7.665915842563869,0.2440841574361272
ah-chizhou-887f91dafca44269b292b48e4c21c1bf,https://ggj.chizhou.gov.cn/front/bidcontent/9005001004/887f91dafca44269b292b48e4c21c1bf,池州市,16944612.97,16204517.79,0,0,市政公用工程,4.3700000000000045,7.179917819265812,2.8099178192658076
ah-chizhou-89c8635a8a9548d5aaef9336b9a2d4d3,https://ggj.chizhou.gov.cn/front/bidcontent/9005001004/89c8635a8a9548d5aaef9336b9a2d4d3,池州市,33445754.54,32220787.61,2.7,0,市政公用工程,3.6599999999999966,6.394689010989008,2.734689010989012
ah-chizhou-89de57b1e1a948bca7f523cfe8d1d925,https://ggj.chizhou.gov.cn/front/bidcontent/9005001004/89de57b1e1a948bca7f523cfe8d1d925,池州市,214678.64,197139.4,0,0,建筑工程,8.170000000000002,7.4913346034426525,0.6786653965573493
ah-chizhou-8bd2a3be7a0340bfa31a0bd9f1cc87b1,https://ggj.chizhou.gov.cn/front/bidcontent/9005001004/8bd2a3be7a0340bfa31a0bd9f1cc87b1,池州市,36966721.36,34796035.48,0,0,建筑工程,5.8700000000000045,7.607057264345132,1.7370572643451272
ah-chizhou-8cf4a1e4b716451b9a6c6a72553ae196,https://ggj.chizhou.gov.cn/front/bidcontent/9005001004/8cf4a1e4b716451b9a6c6a72553ae196,池州市,19265166.66,18332281.18,0,0,公路工程,4.840000000000003,6.627005363786857,1.7870053637868537
ah-chizhou-8d2e8cdb392a4cab871af92b68ef98b1,https://ggj.chizhou.gov.cn/front/bidcontent/9005001004/8d2e8cdb392a4cab871af92b68ef98b1,池州市,29257221.66,27476712.13,0,0,市政公用工程,6.090000000000003,3.6903069443628285,2.399693055637175
ah-chizhou-8ef457bcbfe44650a2de5dbef8379323,https://ggj.chizhou.gov.cn/front/bidcontent/9005001004/8ef457bcbfe44650a2de5dbef8379323,池州市,5046893.65,4751145.68,0,0,水利水电工程,5.859999999999999,7.453620049901937,1.5936200499019373
ah-chizhou-8f5683234d2c4539bb8dcd627cbf4792,https://ggj.chizhou.gov.cn/front/bidcontent/9005001004/8f5683234d2c4539bb8dcd627cbf4792,池州市,1857636.0,1783660.0,0,0,,3.980000000000004,6.133332140803142,2.153332140803138
ah-chizhou-91490b657ef148ac980cea14fc66e4c3,https://ggj.chizhou.gov.cn/front/bidcontent/9005001004/91490b657ef148ac980cea14fc66e4c3,池州市,6311229.08,5870984.31,0,0,市政公用工程,6.980000000000004,7.034696640330775,0.05469664033077137
ah-chizhou-916a0360980f4e74967a000f0d372f47,https://ggj.chizhou.gov.cn/front/bidcontent/9005001004/916a0360980f4e74967a000f0d372f47,池州市,3158053.98,2905762.4,0,0,市政公用工程,7.989999999999995,6.578860955989813,1.4111390440101816
ah-chizhou-91af26a422f4445cbf6636d4d87dd3a0,https://ggj.chizhou.gov.cn/front/bidcontent/9005001004/91af26a422f4445cbf6636d4d87dd3a0,池州市,328250508.0,285514141.5,0,0,公路工程,13.019999999999996,12.488333333333333,0.5316666666666627
ah-chizhou-91e5eae6220e4e7997877347b10020bf,https://ggj.chizhou.gov.cn/front/bidcontent/9005001004/91e5eae6220e4e7997877347b10020bf,池州市,4033892.48,3892706.0,0,0,公路工程,3.5,5.597096414800218,2.097096414800218
ah-chizhou-9340a2477d28403eaaba745d51063ce9,https://ggj.chizhou.gov.cn/front/bidcontent/9005001004/9340a2477d28403eaaba745d51063ce9,池州市,11516212.04,10492574.71,0,0,市政公用工程,8.89,6.614486871646454,2.2755131283535466
ah-chizhou-946e8e88490f44f08dc808e8a3cebb2d,https://ggj.chizhou.gov.cn/front/bidcontent/9005001004/946e8e88490f44f08dc808e8a3cebb2d,池州市,67353461.3,66141099.0,0,0,水利水电工程,1.7999999999999972,6.6669142722780155,4.866914272278018
ah-chizhou-94e0b212771c42939928fcc76552242b,https://ggj.chizhou.gov.cn/front/bidcontent/9005001004/94e0b212771c42939928fcc76552242b,池州市,7192279.2,6962421.4,0.2,0,水利水电工程,3.200000000000003,5.304279004803675,2.104279004803672
ah-chizhou-95f980db092d41e4b57e5807668d0328,https://ggj.chizhou.gov.cn/front/bidcontent/9005001004/95f980db092d41e4b57e5807668d0328,池州市,14401064.32,14093889.0,0,0,水利水电工程,2.1299999999999955,5.5062007822123675,3.376200782212372
ah-chizhou-964207fb243147bb8ff27158e5b6d89e,https://ggj.chizhou.gov.cn/front/bidcontent/9005001004/964207fb243147bb8ff27158e5b6d89e,池州市,15493972.14,14372968.43,0,0,公路工程,7.239999999999995,6.176182440476188,1.063817559523807
ah-chizhou-965e6695294a4ca5b358c48000958d64,https://ggj.chizhou.gov.cn/front/bidcontent/9005001004/965e6695294a4ca5b358c48000958d64,池州市,6526066.57,5548351.3,0,0,,14.980000000000004,9.57412094421102,5.405879055788985
ah-chizhou-96c9af7edc454876b74891de37d14222,https://ggj.chizhou.gov.cn/front/bidcontent/9005001004/96c9af7edc454876b74891de37d14222,池州市,264903200.0,251004288.0,0,0,建筑工程,5.25,5.3306581890331906,0.08065818903319055
ah-chizhou-974aaf04d09745d59859cc98290002d0,https://ggj.chizhou.gov.cn/front/bidcontent/9005001004/974aaf04d09745d59859cc98290002d0,池州市,343615533.0,289376205.2,0,0,公路工程,15.780000000000001,13.489566666666665,2.290433333333336
ah-chizhou-97c16b99a7ac49ae9732a3e4d061505d,https://ggj.chizhou.gov.cn/front/bidcontent/9005001004/97c16b99a7ac49ae9732a3e4d061505d,池州市,19421902.13,17734841.06,0,0,公路工程,8.689999999999998,6.7125319543723005,1.9774680456276972
ah-chizhou-99d8923913e742cf97910314fd45ed9b,https://ggj.chizhou.gov.cn/front/bidcontent/9005001004/99d8923913e742cf97910314fd45ed9b,池州市,8369467.37,7635465.08,0,0,建筑工程,8.769999999999996,6.417787920998656,2.3522120790013403
ah-chizhou-9bec9716bf9445dabe59f2b6b109d4ca,https://ggj.chizhou.gov.cn/front/bidcontent/9005001004/9bec9716bf9445dabe59f2b6b109d4ca,池州市,26692794.88,26361800.0,0,0,水利水电工程,1.2399999999999949,3.92311793353705,2.683117933537055
ah-chizhou-9f6e551c6578420bb15a4fd1382dd97d,https://ggj.chizhou.gov.cn/front/bidcontent/9005001004/9f6e551c6578420bb15a4fd1382dd97d,池州市,12128933.03,11348094.3,0,0,建筑工程,6.439999999999998,6.60585857772994,0.16585857772994217
ah-chizhou-9f838105932d4657b83f6815949376ae,https://ggj.chizhou.gov.cn/front/bidcontent/9005001004/9f838105932d4657b83f6815949376ae,池州市,60328015.11,56479159.18,0,0,建筑工程,6.3799999999999955,7.1643069778986135,0.784306977898618
ah-chizhou-a08c82520bdb4b5381aaf2b19fc84418,https://ggj.chizhou.gov.cn/front/bidcontent/9005001004/a08c82520bdb4b5381aaf2b19fc84418,池州市,8446402.66,7923491.19,0,0,建筑工程,6.189999999999998,7.109923374991022,0.9199233749910238
ah-chizhou-a174e9370822426fb3f8befecb6543d8,https://ggj.chizhou.gov.cn/front/bidcontent/9005001004/a174e9370822426fb3f8befecb6543d8,池州市,4637193.56,4594407.08,0.3,0,水利水电工程,0.9200000000000017,4.985024720580101,4.065024720580099
ah-chizhou-a517c0495df241d89b02e910c03f48c0,https://ggj.chizhou.gov.cn/front/bidcontent/9005001004/a517c0495df241d89b02e910c03f48c0,池州市,4325232.89,3867190.73,0,0,市政公用工程,10.590000000000003,6.584270124184249,4.005729875815755
ah-chizhou-a5c5ccdabbc64165a8be42bd12dc8445,https://ggj.chizhou.gov.cn/front/bidcontent/9005001004/a5c5ccdabbc64165a8be42bd12dc8445,池州市,18116587.8,17130734.58,0,0,公路工程,5.439999999999998,6.6909515893792815,1.2509515893792837
ah-chizhou-a5dc65a7558e4c8cbf52985f9f7aec59,https://ggj.chizhou.gov.cn/front/bidcontent/9005001004/a5dc65a7558e4c8cbf52985f9f7aec59,池州市,4640594.99,4557634.18,0,0,建筑工程,1.7900000000000063,5.893756555579118,4.103756555579111
ah-chizhou-a688e8e6e1d74d3ca40324509406cf69,https://ggj.chizhou.gov.cn/front/bidcontent/9005001004/a688e8e6e1d74d3ca40324509406cf69,池州市,6232106.18,5904990.0,0,0,市政公用工程,5.25,6.400183685116206,1.1501836851162057
ah-chizhou-a74e10a8a7274797a083e1484b544dde,https://ggj.chizhou.gov.cn/front/bidcontent/9005001004/a74e10a8a7274797a083e1484b544dde,池州市,5878507.13,5404875.81,0,0,公路工程,8.060000000000002,7.257388387837653,0.802611612162349
ah-chizhou-a7eb80b8c5f84bbe9778c1fdca9fcffe,https://ggj.chizhou.gov.cn/front/bidcontent/9005001004/a7eb80b8c5f84bbe9778c1fdca9fcffe,池州市,4951771.37,4448176.41,0,0,建筑工程,10.170000000000002,7.017835497835501,3.152164502164501
ah-chizhou-a855150563ae4e4abc215365f285e846,https://ggj.chizhou.gov.cn/front/bidcontent/9005001004/a855150563ae4e4abc215365f285e846,池州市,5864588.36,5334984.0,0,0,建筑工程,9.030000000000001,6.59140410559611,2.438595894403891
ah-chizhou-a8c5d3d8f41648c3972edc14a371f98f,https://ggj.chizhou.gov.cn/front/bidcontent/9005001004/a8c5d3d8f41648c3972edc14a371f98f,池州市,4934331.63,4646166.66,0,0,水利水电工程,5.840000000000003,6.728813953203661,0.8888139532036572
ah-chizhou-a99be385cbe84ee49b5f19fbaad18984,https://ggj.chizhou.gov.cn/front/bidcontent/9005001004/a99be385cbe84ee49b5f19fbaad18984,池州市,5629626.7,5327146.85,0,0,公路工程,5.3700000000000045,6.624502164502164,1.254502164502159
ah-chizhou-aa53d0d4a27a413bb301884e8efd1ece,https://ggj.chizhou.gov.cn/front/bidcontent/9005001004/aa53d0d4a27a413bb301884e8efd1ece,池州市,4918398.03,4645918.13,0,0,,5.540000000000006,6.060051227645328,0.5200512276453217
ah-chizhou-aa6d489041ce462fa0a357e0e56323d3,https://ggj.chizhou.gov.cn/front/bidcontent/9005001004/aa6d489041ce462fa0a357e0e56323d3,池州市,7600175.64,7185874.23,0.2,0,水利水电工程,5.450000000000003,5.3553292064273865,0.09467079357261632
ah-chizhou-aa6f4cfb8aaf48b68ea982ed45262370,https://ggj.chizhou.gov.cn/front/bidcontent/9005001004/aa6f4cfb8aaf48b68ea982ed45262370,池州市,4370935.72,4165930.81,0,0,,4.689999999999998,6.584481929154606,1.8944819291546082
ah-chizhou-ab13445f6f914d0f83aa342a4415e4cc,https://ggj.chizhou.gov.cn/front/bidcontent/9005001004/ab13445f6f914d0f83aa342a4415e4cc,池州市,27290687.62,26829601.71,0,0,水利水电工程,1.6899999999999977,4.135,2.445000000000002
ah-chizhou-abc753cfb8704e8d86600a6881a83c8c,https://ggj.chizhou.gov.cn/front/bidcontent/9005001004/abc753cfb8704e8d86600a6881a83c8c,池州市,3545974.98,3482553.86,0,0,建筑工程,1.7900000000000063,5.693808027536754,3.9038080275367477
ah-chizhou-ac1d803cd32a4f8d9b38cac2670ee303,https://ggj.chizhou.gov.cn/front/bidcontent/9005001004/ac1d803cd32a4f8d9b38cac2670ee303,池州市,4646484.9,4286475.25,0,0,公路工程,7.75,5.334914560623486,2.415085439376514
ah-chizhou-ac4187e7c00e4179b90b0a6064c64bf8,https://ggj.chizhou.gov.cn/front/bidcontent/9005001004/ac4187e7c00e4179b90b0a6064c64bf8,池州市,15705763.9,15127270.65,0,0,建筑工程,3.680000000000007,4.6227893825009705,0.9427893825009637
ah-chizhou-ace2fc268b694b459d146d58f512c496,https://ggj.chizhou.gov.cn/front/bidcontent/9005001004/ace2fc268b694b459d146d58f512c496,池州市,201537.04,188094.52,0,0,建筑工程,6.670000000000002,7.520420054945053,0.8504200549450509
ah-chizhou-aff1939f25414b64a52167612aaa13a8,https://ggj.chizhou.gov.cn/front/bidcontent/9005001004/aff1939f25414b64a52167612aaa13a8,池州市,8731915.02,8221010.67,0,0,水利水电工程,5.849999999999994,7.498638837079666,1.6486388370796714
ah-chizhou-b0d9a3d89c8b46e9a281ab62a55818e5,https://ggj.chizhou.gov.cn/front/bidcontent/9005001004/b0d9a3d89c8b46e9a281ab62a55818e5,池州市,7023786.0,6556704.23,0,0,公路工程,6.650000000000006,5.358070175438597,1.291929824561409
ah-chizhou-b2654d36a4084db4a98fb696a5a2bbfc,https://ggj.chizhou.gov.cn/front/bidcontent/9005001004/b2654d36a4084db4a98fb696a5a2bbfc,池州市,7988668.58,7615000.39,0,0,建筑工程,4.680000000000007,4.944778546453547,0.26477854645353993
ah-chizhou-b37ab4024b5740ae9ce0c0b70444544b,https://ggj.chizhou.gov.cn/front/bidcontent/9005001004/b37ab4024b5740ae9ce0c0b70444544b,池州市,4612306.69,4267444.52,0,0,公路工程,7.480000000000004,5.102264381859459,2.3777356181405453
ah-chizhou-b4b7ad435a9248c1adaccda8c0f8ccca,https://ggj.chizhou.gov.cn/front/bidcontent/9005001004/b4b7ad435a9248c1adaccda8c0f8ccca,池州市,14610800.0,14102344.0,0,0,建筑工程,3.480000000000004,5.955370949934997,2.4753709499349927
ah-chizhou-b52748ebf6dc453187e408424974b9b0,https://ggj.chizhou.gov.cn/front/bidcontent/9005001004/b52748ebf6dc453187e408424974b9b0,池州市,6565407.58,6109760.0,0,0,水利水电工程,6.939999999999998,7.286726278011205,0.34672627801120726
ah-chizhou-b64128cd37e04f8aaf1fd776b293ae0f,https://ggj.chizhou.gov.cn/front/bidcontent/9005001004/b64128cd37e04f8aaf1fd776b293ae0f,池州市,6688607.27,6194770.5,0,0,,7.3799999999999955,5.933790945712369,1.4462090542876265
ah-chizhou-b6b5d6d8c30e4d718f9420e4ddeb24b1,https://ggj.chizhou.gov.cn/front/bidcontent/9005001004/b6b5d6d8c30e4d718f9420e4ddeb24b1,池州市,3974138.58,3733703.21,0,0,建筑工程,6.049999999999997,5.784124830725569,0.26587516927442856
ah-chizhou-b6b846af6b5e4485a6e625d28b3f076a,https://ggj.chizhou.gov.cn/front/bidcontent/9005001004/b6b846af6b5e4485a6e625d28b3f076a,池州市,5639101.17,5285247.58,0,0,水利水电工程,6.269999999999996,6.6245021645021644,0.3545021645021684
ah-chizhou-b6e6b3fab6a548bda57773b03918dc6d,https://ggj.chizhou.gov.cn/front/bidcontent/9005001004/b6e6b3fab6a548bda57773b03918dc6d,池州市,64401535.18,61013370.41,0,0,建筑工程,5.260000000000005,7.503728130430801,2.243728130430796
ah-chizhou-b7593d51a78548a581d578124a1dd581,https://ggj.chizhou.gov.cn/front/bidcontent/9005001004/b7593d51a78548a581d578124a1dd581,池州市,48626694.99,45816072.02,0,0,建筑工程,5.780000000000001,7.247078498470913,1.4670784984709115
ah-chizhou-b76817b3d3ba46d9ae4ae535a5b82174,https://ggj.chizhou.gov.cn/front/bidcontent/9005001004/b76817b3d3ba46d9ae4ae535a5b82174,池州市,11080865.29,10464990.33,0,0,水利水电工程,5.560000000000002,5.326971207694815,0.2330287923051877
ah-chizhou-b873e3a7091d4ad68fa2c642a6a8e4f1,https://ggj.chizhou.gov.cn/front/bidcontent/9005001004/b873e3a7091d4ad68fa2c642a6a8e4f1,池州市,9789993.38,9626500.49,0,0,建筑工程,1.6700000000000017,3.5112039072039085,1.8412039072039068
ah-chizhou-b9ed18da1a2141caad9a1e96c88f84ca,https://ggj.chizhou.gov.cn/front/bidcontent/9005001004/b9ed18da1a2141caad9a1e96c88f84ca,池州市,13038077.19,12372874.49,0,0,建筑工程,5.099999999999994,5.598780881124378,0.4987808811243841
ah-chizhou-ba76b0ad093e4eafbc654f3430235bdd,https://ggj.chizhou.gov.cn/front/bidcontent/9005001004/ba76b0ad093e4eafbc654f3430235bdd,池州市,223281864.91,194031940.61,0,0,建筑工程,13.099999999999994,7.616176470588238,5.483823529411756
ah-chizhou-bae08b9dc697465192e2a1abaf9db9a6,https://ggj.chizhou.gov.cn/front/bidcontent/9005001004/bae08b9dc697465192e2a1abaf9db9a6,池州市,5945466.84,5550093.3,0,0,公路工程,6.650000000000006,7.263875438231361,0.6138754382313554
ah-chizhou-baf2d740068c4df28c53bca032e3399c,https://ggj.chizhou.gov.cn/front/bidcontent/9005001004/baf2d740068c4df28c53bca032e3399c,池州市,134142219.49,126268071.21,0,0,建筑工程,5.8700000000000045,7.520900967208697,1.6509009672086927
ah-chizhou-bbd6084615a641eaaf7fcc020cbde677,https://ggj.chizhou.gov.cn/front/bidcontent/9005001004/bbd6084615a641eaaf7fcc020cbde677,池州市,5393667.05,5247200.0,0,0,水利水电工程,2.719999999999999,5.773030319185309,3.05303031918531
ah-chizhou-bc3baa4137944a3c893e4ce64279ec3c,https://ggj.chizhou.gov.cn/front/bidcontent/9005001004/bc3baa4137944a3c893e4ce64279ec3c,池州市,9228725.11,8611600.26,0,0,建筑工程,6.689999999999998,7.666661750994104,0.976661750994106
ah-chizhou-bc825d3987eb481bbefdc250048960a8,https://ggj.chizhou.gov.cn/front/bidcontent/9005001004/bc825d3987eb481bbefdc250048960a8,池州市,4274010.24,3975729.03,0,0,公路工程,6.980000000000004,6.941890854978357,0.03810914502164664
ah-chizhou-bdf76aee46c94347ba5912fc98098b9c,https://ggj.chizhou.gov.cn/front/bidcontent/9005001004/bdf76aee46c94347ba5912fc98098b9c,池州市,7724163.71,7161426.18,0,0,市政公用工程,7.290000000000006,5.7532099736306,1.536790026369406
ah-chizhou-be105ab4080a450fa054e4dd747ed14d,https://ggj.chizhou.gov.cn/front/bidcontent/9005001004/be105ab4080a450fa054e4dd747ed14d,池州市,13076681.73,12396447.68,0,0,建筑工程,5.200000000000003,5.464393436465494,0.2643934364654914
ah-chizhou-bfaea8ff37eb4233b7896ef6870c7d5f,https://ggj.chizhou.gov.cn/front/bidcontent/9005001004/bfaea8ff37eb4233b7896ef6870c7d5f,池州市,6207831.47,6136437.09,0.1,0,水利水电工程,1.1500000000000057,6.51786925924076,5.367869259240754
ah-chizhou-c12bc75189304b06b475fa2b9b38059a,https://ggj.chizhou.gov.cn/front/bidcontent/9005001004/c12bc75189304b06b475fa2b9b38059a,池州市,9221246.92,8297884.28,0,0,水利水电工程,10.010000000000005,10.179899711399715,0.16989971139970983
ah-chizhou-c1784a0fa57b47ff893e8950d9713279,https://ggj.chizhou.gov.cn/front/bidcontent/9005001004/c1784a0fa57b47ff893e8950d9713279,池州市,2438835.75,2315000.0,0,0,,5.079999999999998,6.538092868749301,1.4580928687493024
ah-chizhou-c43076d56e714474b5ea4734b3361693,https://ggj.chizhou.gov.cn/front/bidcontent/9005001004/c43076d56e714474b5ea4734b3361693,池州市,8278723.1,7658232.78,0,0,市政公用工程,7.5,6.588089995248125,0.9119100047518751
ah-chizhou-c514e2b1c23e48d7b1ecc9013e1e5119,https://ggj.chizhou.gov.cn/front/bidcontent/9005001004/c514e2b1c23e48d7b1ecc9013e1e5119,池州市,27481915.82,25418848.4,0,0,公路工程,7.510000000000005,4.444882798573975,3.0651172014260304
ah-chizhou-c7a9434500a64f5cbcd80ac54e1790a8,https://ggj.chizhou.gov.cn/front/bidcontent/9005001004/c7a9434500a64f5cbcd80ac54e1790a8,池州市,2415276.32,2286614.48,0,0,建筑工程,5.329999999999998,6.56440662145031,1.2344066214503115
ah-chizhou-c834ec55395147898a5ecc3043cde8ff,https://ggj.chizhou.gov.cn/front/bidcontent/9005001004/c834ec55395147898a5ecc3043cde8ff,池州市,55400800.0,49196030.82,0,0,市政公用工程,11.200000000000003,7.2571870552886235,3.9428129447113793
ah-chizhou-c84864e77a28422cb1a2314105d826de,https://ggj.chizhou.gov.cn/front/bidcontent/9005001004/c84864e77a28422cb1a2314105d826de,池州市,7060539.3,6594775.8,0,0,市政公用工程,6.599999999999994,5.830475769600769,0.7695242303992256
ah-chizhou-c851718743094637bba72c210ef25a4d,https://ggj.chizhou.gov.cn/front/bidcontent/9005001004/c851718743094637bba72c210ef25a4d,池州市,2458336.37,2281336.15,0,0,建筑工程,7.200000000000003,6.734502164502163,0.46549783549783985
ah-chizhou-c91f84a70c2d4630a5c156978c042cb8,https://ggj.chizhou.gov.cn/front/bidcontent/9005001004/c91f84a70c2d4630a5c156978c042cb8,池州市,362084790.0,337933735.25,0.06,0,,6.670000000000002,13.137941666666663,6.467941666666661
ah-chizhou-c9d84aaf51f048d993cd5b15b63722d2,https://ggj.chizhou.gov.cn/front/bidcontent/9005001004/c9d84aaf51f048d993cd5b15b63722d2,池州市,11741111.5,11233778.07,0,0,水利水电工程,4.319999999999993,6.5121441067179,2.1921441067179064
ah-chizhou-c9f93685316341aaba0ad5708c33ca77,https://ggj.chizhou.gov.cn/front/bidcontent/9005001004/c9f93685316341aaba0ad5708c33ca77,池州市,3509393.52,3214889.33,0,0,,8.39,6.325044427284862,2.0649555727151387
ah-chizhou-ca605769a3e84c26b5efc80ff8ee60a0,https://ggj.chizhou.gov.cn/front/bidcontent/9005001004/ca605769a3e84c26b5efc80ff8ee60a0,池州市,5085887.12,4766675.78,0,0,水利水电工程,6.280000000000001,6.574486928893348,0.29448692889334716
ah-chizhou-cc63cc92d214419b93d135b9d006d5e6,https://ggj.chizhou.gov.cn/front/bidcontent/9005001004/cc63cc92d214419b93d135b9d006d5e6,池州市,15396581.05,14498344.51,0,0,建筑工程,5.829999999999998,5.945331329087576,0.11533132908757793
ah-chizhou-cca39ad50d654176a89669a1fbd2db2d,https://ggj.chizhou.gov.cn/front/bidcontent/9005001004/cca39ad50d654176a89669a1fbd2db2d,池州市,843126.14,742541.19,0,0,市政公用工程,11.930000000000007,8.577873039215682,3.352126960784325
ah-chizhou-cd1ccee72e6041e988f88acf6bbff9b8,https://ggj.chizhou.gov.cn/front/bidcontent/9005001004/cd1ccee72e6041e988f88acf6bbff9b8,池州市,4170129.87,3798151.17,0,0,水利水电工程,8.920000000000002,7.770241450216451,1.1497585497835505
ah-chizhou-ce9ebafe7d8a41198fc53d0a6be6ccda,https://ggj.chizhou.gov.cn/front/bidcontent/9005001004/ce9ebafe7d8a41198fc53d0a6be6ccda,池州市,19511896.4,18469570.89,0,0,建筑工程,5.340000000000003,6.750427332438232,1.4104273324382284
ah-chizhou-d0d7595b1cee4cb98813a2a395464c2c,https://ggj.chizhou.gov.cn/front/bidcontent/9005001004/d0d7595b1cee4cb98813a2a395464c2c,池州市,11336617.48,10085610.4,0,0,市政公用工程,11.040000000000006,6.66525583698243,4.374744163017576
ah-chizhou-d16188105f7740a2aa2c070a10c762da,https://ggj.chizhou.gov.cn/front/bidcontent/9005001004/d16188105f7740a2aa2c070a10c762da,池州市,13426444.34,12657958.93,0,0,建筑工程,5.719999999999999,5.308169695080544,0.41183030491945516
ah-chizhou-d1913ef20c984aaf8b1f8bceafa1d574,https://ggj.chizhou.gov.cn/front/bidcontent/9005001004/d1913ef20c984aaf8b1f8bceafa1d574,池州市,7989233.08,7545191.51,0,0,建筑工程,5.560000000000002,5.1295281678697116,0.4304718321302907
ah-chizhou-d1b46c7f78d640dead9d404d7822b8ef,https://ggj.chizhou.gov.cn/front/bidcontent/9005001004/d1b46c7f78d640dead9d404d7822b8ef,池州市,2415276.32,2255645.98,0,0,建筑装修装饰工程,6.609999999999999,6.309451694266212,0.30054830573378766
ah-chizhou-d30282a1bc934ac5bf453184309aa9cc,https://ggj.chizhou.gov.cn/front/bidcontent/9005001004/d30282a1bc934ac5bf453184309aa9cc,池州市,19779744.02,18718956.35,0,0,建筑工程,5.359999999999999,6.526390269979807,1.1663902699798072
ah-chizhou-d35fa9eb07ac4134832ea8e94833b01e,https://ggj.chizhou.gov.cn/front/bidcontent/9005001004/d35fa9eb07ac4134832ea8e94833b01e,池州市,1919125.58,1792037.0,0,0,建筑工程,6.6200000000000045,6.560067886789422,0.059932113210582116
ah-chizhou-d37b336488994a2b8349ff97e5de03ac,https://ggj.chizhou.gov.cn/front/bidcontent/9005001004/d37b336488994a2b8349ff97e5de03ac,池州市,4323450.85,3951201.73,0,0,水利水电工程,8.61,7.10039874069644,1.509601259303559
ah-chizhou-d436e633d623419d879b74243d73b34f,https://ggj.chizhou.gov.cn/front/bidcontent/9005001004/d436e633d623419d879b74243d73b34f,池州市,8745827.6,7134351.42,0,0,公路工程,18.430000000000007,9.799682043650794,8.630317956349213
ah-chizhou-d4759b0792084b9c8b29bf0787ba534f,https://ggj.chizhou.gov.cn/front/bidcontent/9005001004/d4759b0792084b9c8b29bf0787ba534f,池州市,24344698.08,23461472.43,0,0,水利水电工程,3.6299999999999955,6.439837737268694,2.8098377372686985
ah-chizhou-d4b407e7fe5447c6b19b5242bd430aa8,https://ggj.chizhou.gov.cn/front/bidcontent/9005001004/d4b407e7fe5447c6b19b5242bd430aa8,池州市,7555469.05,7131591.36,0,0,水利水电工程,5.609999999999999,5.937808325678008,0.3278083256780082
ah-chizhou-d4ff19e258a64e19ac32fb07fc78a6ee,https://ggj.chizhou.gov.cn/front/bidcontent/9005001004/d4ff19e258a64e19ac32fb07fc78a6ee,池州市,679928.82,651526.78,0,0,,4.180000000000007,8.108905834606567,3.92890583460656
ah-chizhou-d50e1573c3fa48b5af436ae3f222136b,https://ggj.chizhou.gov.cn/front/bidcontent/9005001004/d50e1573c3fa48b5af436ae3f222136b,池州市,11028944.24,10182839.7,0,0,市政公用工程,7.670000000000002,5.124747787984374,2.545252212015628
ah-chizhou-d5bce31ce7034706b5b9b70a87a87c8d,https://ggj.chizhou.gov.cn/front/bidcontent/9005001004/d5bce31ce7034706b5b9b70a87a87c8d,池州市,15754692.51,15459444.66,0.1,0,水利水电工程,1.8700000000000045,4.427636270554436,2.5576362705544318
ah-chizhou-d6182add6e5243d38f1e371109a7ea8e,https://ggj.chizhou.gov.cn/front/bidcontent/9005001004/d6182add6e5243d38f1e371109a7ea8e,池州市,11131535.93,10348173.78,0,0,市政公用工程,7.040000000000006,6.544976145897325,0.4950238541026817
ah-chizhou-d6235335d3044b678a8783913aa00850,https://ggj.chizhou.gov.cn/front/bidcontent/9005001004/d6235335d3044b678a8783913aa00850,池州市,138478200.0,131564066.0,0,0,建筑工程,4.989999999999995,7.540995613938044,2.550995613938049
ah-chizhou-d67ac7a6df8e4e78924ebc556acfcac0,https://ggj.chizhou.gov.cn/front/bidcontent/9005001004/d67ac7a6df8e4e78924ebc556acfcac0,池州市,5949898.66,5586954.84,0,0,建筑工程,6.099999999999994,7.210077368245791,1.110077368245797
ah-chizhou-d68dffcc25494c99b9546ec1272b2be4,https://ggj.chizhou.gov.cn/front/bidcontent/9005001004/d68dffcc25494c99b9546ec1272b2be4,池州市,51854881.28,47895786.72,0,0,公路工程,7.6299999999999955,7.294726892661432,0.33527310733856375
ah-chizhou-d6ff53d4d55d4c0cb85f526692729752,https://ggj.chizhou.gov.cn/front/bidcontent/9005001004/d6ff53d4d55d4c0cb85f526692729752,池州市,26494726.67,24425187.25,0,0,建筑工程,7.810000000000002,5.572332253857255,2.2376677461427477
ah-chizhou-d7169615ef724ae4b7f3d8a2e8a7722b,https://ggj.chizhou.gov.cn/front/bidcontent/9005001004/d7169615ef724ae4b7f3d8a2e8a7722b,池州市,4784635.38,4637743.42,0,0,水利水电工程,3.069999999999993,6.541897012320084,3.471897012320091
ah-chizhou-d79d98d35887474680ceb71a27abfac2,https://ggj.chizhou.gov.cn/front/bidcontent/9005001004/d79d98d35887474680ceb71a27abfac2,池州市,5995716.91,5552586.55,0,0,公路工程,7.390000000000001,7.089680826118329,0.30031917388167173
ah-chizhou-d8042f649ec3487c8131b4d458afb5bd,https://ggj.chizhou.gov.cn/front/bidcontent/9005001004/d8042f649ec3487c8131b4d458afb5bd,池州市,5841981.73,5729621.45,0.3,0,水利水电工程,1.9200000000000017,6.591299337541333,4.671299337541331
ah-chizhou-d894cbbd7ec94830ba8e20f4a0276d40,https://ggj.chizhou.gov.cn/front/bidcontent/9005001004/d894cbbd7ec94830ba8e20f4a0276d40,池州市,5184518.17,4822111.11,0,0,水利水电工程,6.989999999999995,6.672763970057722,0.31723602994227296
ah-chizhou-d9603ca5b05b4ffbad30df2093e11e57,https://ggj.chizhou.gov.cn/front/bidcontent/9005001004/d9603ca5b05b4ffbad30df2093e11e57,池州市,10976041.51,10817327.95,0.2,0,水利水电工程,1.4500000000000028,4.232938405699991,2.782938405699988
ah-chizhou-da86ab0707a64463a8777fc60c4c8107,https://ggj.chizhou.gov.cn/front/bidcontent/9005001004/da86ab0707a64463a8777fc60c4c8107,池州市,19823775.75,18023182.19,0,0,建筑工程,9.079999999999998,6.456446791528574,2.6235532084714244
ah-chizhou-dbf9eeb487d74f3e989ed76661cdafdc,https://ggj.chizhou.gov.cn/front/bidcontent/9005001004/dbf9eeb487d74f3e989ed76661cdafdc,池州市,17776320.45,16920480.6,0,0,市政公用工程,4.810000000000002,7.168519248952533,2.358519248952531
ah-chizhou-dc165d8d1cb8400586ea80ee17fa7d05,https://ggj.chizhou.gov.cn/front/bidcontent/9005001004/dc165d8d1cb8400586ea80ee17fa7d05,池州市,4643631.05,4491319.95,0,0,公路工程,3.280000000000001,6.230444444423203,2.9504444444232023
ah-chizhou-dd9c5f7e98c64ab3a23f355972a35b37,https://ggj.chizhou.gov.cn/front/bidcontent/9005001004/dd9c5f7e98c64ab3a23f355972a35b37,池州市,12589034.91,11942311.01,0,0,市政公用工程,5.140000000000001,5.313170731707316,0.173170731707315
ah-chizhou-ddb567db146c4ac9afd0b945eb31dec8,https://ggj.chizhou.gov.cn/front/bidcontent/9005001004/ddb567db146c4ac9afd0b945eb31dec8,池州市,65072783.5,57107874.8,0,0,建筑工程,12.239999999999995,7.261391837531235,4.97860816246876
ah-chizhou-de653be8ba0c43af95b337d216c5b06e,https://ggj.chizhou.gov.cn/front/bidcontent/9005001004/de653be8ba0c43af95b337d216c5b06e,池州市,138136.75,130539.22,0,0,建筑工程,5.5,7.659681174089067,2.1596811740890667
ah-chizhou-de92d969c2b74e26b75d721edb53ae0d,https://ggj.chizhou.gov.cn/front/bidcontent/9005001004/de92d969c2b74e26b75d721edb53ae0d,池州市,9933372.45,9568817.68,0,0,建筑工程,3.6700000000000017,3.6674816196466935,0.0025183803533082028
ah-chizhou-dfc52a6ccc2f4881ae66223e51ded67c,https://ggj.chizhou.gov.cn/front/bidcontent/9005001004/dfc52a6ccc2f4881ae66223e51ded67c,池州市,10590108.19,9377381.95,0,0,市政公用工程,11.450000000000003,6.3804685335968525,5.06953146640315
ah-chizhou-dfe7ffac1e8a49b09d53ac0a3432d6a6,https://ggj.chizhou.gov.cn/front/bidcontent/9005001004/dfe7ffac1e8a49b09d53ac0a3432d6a6,池州市,4730853.24,4238134.88,0,0,市政公用工程,10.409999999999997,6.71899487040737,3.691005129592627
ah-chizhou-e0a9fd2ab7514d9a9d04c59af241c607,https://ggj.chizhou.gov.cn/front/bidcontent/9005001004/e0a9fd2ab7514d9a9d04c59af241c607,池州市,27998142.37,26980017.69,0,0,,3.6400000000000006,4.12948216257427,0.48948216257426935
ah-chizhou-e20c9e1105664defa6f4c5d34ced3ad9,https://ggj.chizhou.gov.cn/front/bidcontent/9005001004/e20c9e1105664defa6f4c5d34ced3ad9,池州市,16689134.79,15799103.23,0,0,建筑工程,5.329999999999998,7.5812075401572105,2.2512075401572123
ah-chizhou-e22d898475e94ab7aadfeced658af984,https://ggj.chizhou.gov.cn/front/bidcontent/9005001004/e22d898475e94ab7aadfeced658af984,池州市,30005447.18,29789556.54,0,0,水利水电工程,0.7199999999999989,3.8383333333333334,3.1183333333333345
ah-chizhou-e24700b073f14ef49a4c11a09c65417c,https://ggj.chizhou.gov.cn/front/bidcontent/9005001004/e24700b073f14ef49a4c11a09c65417c,池州市,10445167.25,10149569.02,0,0,水利水电工程,2.8299999999999983,6.060821484895671,3.2308214848956727
ah-chizhou-e313b1ad972a4806a708772489115bc4,https://ggj.chizhou.gov.cn/front/bidcontent/9005001004/e313b1ad972a4806a708772489115bc4,池州市,5855774.12,5393167.96,0,0,水利水电工程,7.900000000000006,6.59136325692565,1.3086367430743557
ah-chizhou-e3307a5f34dd4a9cb24658d26620c97f,https://ggj.chizhou.gov.cn/front/bidcontent/9005001004/e3307a5f34dd4a9cb24658d26620c97f,池州市,12970717.36,12157323.48,0,0,建筑工程,6.269999999999996,5.4038094160621775,0.8661905839378186
ah-chizhou-e44c02829ccc4bf1a186595d49081ce8,https://ggj.chizhou.gov.cn/front/bidcontent/9005001004/e44c02829ccc4bf1a186595d49081ce8,池州市,7427581.18,7180985.48,0,0,水利水电工程,3.319999999999993,5.937215642762876,2.6172156427628828
ah-chizhou-e529f731fe5e45b6a214696f0f6486eb,https://ggj.chizhou.gov.cn/front/bidcontent/9005001004/e529f731fe5e45b6a214696f0f6486eb,池州市,20958381.52,19167268.28,0,0,市政公用工程,8.549999999999997,6.416673092756916,2.133326907243081
ah-chizhou-e5fca2227ec3472cb91252ff7076b1af,https://ggj.chizhou.gov.cn/front/bidcontent/9005001004/e5fca2227ec3472cb91252ff7076b1af,池州市,304288995.95,276681159.54,0,0,建筑工程,9.069999999999993,7.532365873015872,1.5376341269841216
ah-chizhou-e6bd02f14d914d16b306b303bc196a50,https://ggj.chizhou.gov.cn/front/bidcontent/9005001004/e6bd02f14d914d16b306b303bc196a50,池州市,8836135.71,8564943.0,0,0,水利水电工程,3.069999999999993,7.949150305130786,4.879150305130793
ah-chizhou-e879a800fa794c8c80fd6f70b1b81e85,https://ggj.chizhou.gov.cn/front/bidcontent/9005001004/e879a800fa794c8c80fd6f70b1b81e85,池州市,5225436.38,5035753.04,0,0,,3.6299999999999955,8.099502164502164,4.469502164502169
ah-chizhou-e8c352ad7d8f4a15a0d80f856feadb2b,https://ggj.chizhou.gov.cn/front/bidcontent/9005001004/e8c352ad7d8f4a15a0d80f856feadb2b,池州市,21451743.07,21119241.05,0,0,水利水电工程,1.5499999999999972,5.633958333333332,4.083958333333335
ah-chizhou-eb386652915e4122af2fa7a0ec546e02,https://ggj.chizhou.gov.cn/front/bidcontent/9005001004/eb386652915e4122af2fa7a0ec546e02,池州市,39948320.7,35793695.35,0,0,市政公用工程,10.400000000000006,8.13951455627706,2.2604854437229456
ah-chizhou-ebc9340854ac4912a4f6e36732adeccd,https://ggj.chizhou.gov.cn/front/bidcontent/9005001004/ebc9340854ac4912a4f6e36732adeccd,池州市,8525900.0,7110940.2,0,0,公路工程,16.599999999999994,7.999265846726369,8.600734153273624
ah-chizhou-ec65f2b47f104894907baa97d243992a,https://ggj.chizhou.gov.cn/front/bidcontent/9005001004/ec65f2b47f104894907baa97d243992a,池州市,24426939.35,20694257.06,0,0,,15.280000000000001,6.440218875805504,8.839781124194497
ah-chizhou-eccf354cd2264fafb19a7c99d9ec0e67,https://ggj.chizhou.gov.cn/front/bidcontent/9005001004/eccf354cd2264fafb19a7c99d9ec0e67,池州市,533569.38,505183.49,0,0,,5.319999999999993,8.436706364468863,3.11670636446887
ah-chizhou-ed184c80a9f3445fabf3896daa28a310,https://ggj.chizhou.gov.cn/front/bidcontent/9005001004/ed184c80a9f3445fabf3896daa28a310,池州市,19756166.39,18297306.73,0,0,水利水电工程,7.3799999999999955,6.526281001927407,0.8537189980725888
ah-chizhou-ed2d81e3614344a48d9fbb01acd8dba9,https://ggj.chizhou.gov.cn/front/bidcontent/9005001004/ed2d81e3614344a48d9fbb01acd8dba9,池州市,723842.01,699948.84,0,0,建筑工程,3.299999999999997,9.080821189336977,5.780821189336979
ah-chizhou-ed3bc7a5ce5b4dbcb9c75fdfd1a82e15,https://ggj.chizhou.gov.cn/front/bidcontent/9005001004/ed3bc7a5ce5b4dbcb9c75fdfd1a82e15,池州市,31616388.1,29086493.78,0,0,,8.0,3.7127935606060616,4.287206439393938
ah-chizhou-ee18af9e1a2b477aa2ca7be2b6474c74,https://ggj.chizhou.gov.cn/front/bidcontent/9005001004/ee18af9e1a2b477aa2ca7be2b6474c74,池州市,8711938.47,8537692.04,0,0,水利水电工程,2.0,5.45843101975945,3.45843101975945
ah-chizhou-ee1a917b21c147c980d11d48c4ad25aa,https://ggj.chizhou.gov.cn/front/bidcontent/9005001004/ee1a917b21c147c980d11d48c4ad25aa,池州市,38527643.81,35645390.78,0,0,市政公用工程,7.480000000000004,8.23585042735043,0.7558504273504258
ah-chizhou-ee37470372254ffda98f6b4c9cad590e,https://ggj.chizhou.gov.cn/front/bidcontent/9005001004/ee37470372254ffda98f6b4c9cad590e,池州市,47983932.35,43953282.03,0,0,建筑工程,8.400000000000006,6.939079658273201,1.4609203417268048
ah-chizhou-ef77f334a84a455b8ded387eac415792,https://ggj.chizhou.gov.cn/front/bidcontent/9005001004/ef77f334a84a455b8ded387eac415792,池州市,15284795.0,14847646.13,0,0,水利水电工程,2.8599999999999994,5.598395975232197,2.738395975232198
ah-chizhou-efdc2c6296cf4036b5d5f815e0359b79,https://ggj.chizhou.gov.cn/front/bidcontent/9005001004/efdc2c6296cf4036b5d5f815e0359b79,池州市,8700979.79,8690066.15,0,0,,0.12999999999999545,5.331269525482257,5.201269525482261
ah-chizhou-f086d01ded0d481cab8bee4dbafa79c1,https://ggj.chizhou.gov.cn/front/bidcontent/9005001004/f086d01ded0d481cab8bee4dbafa79c1,池州市,4064566.48,3904949.72,0,0,市政公用工程,3.930000000000007,6.447096284764003,2.517096284763996
ah-chizhou-f1961178c9304103ae9d07e8fe38c0ee,https://ggj.chizhou.gov.cn/front/bidcontent/9005001004/f1961178c9304103ae9d07e8fe38c0ee,池州市,1217047.89,1061029.09,0,0,,12.819999999999993,7.456060236291487,5.3639397637085064
ah-chizhou-f24c648f359e424e816b0fe21e7d9981,https://ggj.chizhou.gov.cn/front/bidcontent/9005001004/f24c648f359e424e816b0fe21e7d9981,池州市,124017631.33,113017267.43,0,0,建筑工程,8.870000000000005,7.4739796256837305,1.396020374316274
ah-chizhou-f2ce3e45241646fb8ef22831afbcf840,https://ggj.chizhou.gov.cn/front/bidcontent/9005001004/f2ce3e45241646fb8ef22831afbcf840,池州市,9216194.55,8047615.34,0,0,市政公用工程,12.680000000000007,8.818615115440116,3.8613848845598913
ah-chizhou-f2d9efb982dc4ba89322081e1999ca9e,https://ggj.chizhou.gov.cn/front/bidcontent/9005001004/f2d9efb982dc4ba89322081e1999ca9e,池州市,3198000.0,3118000.0,0,0,,2.5,6.984975173437674,4.484975173437674
ah-chizhou-f3063364cf4543a79966aa3d75a3c08b,https://ggj.chizhou.gov.cn/front/bidcontent/9005001004/f3063364cf4543a79966aa3d75a3c08b,池州市,16237336.07,14320836.64,0,0,市政公用工程,11.799999999999997,6.980544780587165,4.819455219412832
ah-chizhou-f3622e55075541b48a615589df7c11f4,https://ggj.chizhou.gov.cn/front/bidcontent/9005001004/f3622e55075541b48a615589df7c11f4,池州市,7341307.81,7101760.94,0,0,水利水电工程,3.260000000000005,5.521190504541897,2.261190504541892
ah-chizhou-f39d0b4aa9df4ae69036d5a702d1605c,https://ggj.chizhou.gov.cn/front/bidcontent/9005001004/f39d0b4aa9df4ae69036d5a702d1605c,池州市,4179941.03,3676049.17,0,0,市政公用工程,12.049999999999997,7.947802530802534,4.102197469197463
ah-chizhou-f3f761b789ba4ed0926ffbb2d832b791,https://ggj.chizhou.gov.cn/front/bidcontent/9005001004/f3f761b789ba4ed0926ffbb2d832b791,池州市,4314242.27,4091163.77,0,0,水利水电工程,5.170000000000002,7.216168831168833,2.0461688311688313
ah-chizhou-f468af2abb4e43e7a5e7b1711dce0e31,https://ggj.chizhou.gov.cn/front/bidcontent/9005001004/f468af2abb4e43e7a5e7b1711dce0e31,池州市,6306678.06,5663402.02,0,0,水利水电工程,10.200000000000003,7.089979351900251,3.110020648099752
ah-chizhou-f54ce8ecd0874b92ac6a49b26c640ca9,https://ggj.chizhou.gov.cn/front/bidcontent/9005001004/f54ce8ecd0874b92ac6a49b26c640ca9,池州市,6161607.38,5856932.11,0,0,建筑工程,4.939999999999998,6.5927806090801635,1.6527806090801658
ah-chizhou-f62e6dea424d4f7a8d347442b188a7bd,https://ggj.chizhou.gov.cn/front/bidcontent/9005001004/f62e6dea424d4f7a8d347442b188a7bd,池州市,21662699.21,21075474.36,0,0,水利水电工程,2.7099999999999937,5.823958333333332,3.113958333333338
ah-chizhou-f72d40496eb94611beb45d14879db733,https://ggj.chizhou.gov.cn/front/bidcontent/9005001004/f72d40496eb94611beb45d14879db733,池州市,28364987.56,27740957.83,0,0,建筑工程,2.200000000000003,4.068333333333335,1.8683333333333323
ah-chizhou-f7d2cb109f4c49fc90c73891ee5135c5,https://ggj.chizhou.gov.cn/front/bidcontent/9005001004/f7d2cb109f4c49fc90c73891ee5135c5,池州市,6909180.11,6508588.21,0,0,公路工程,5.799999999999997,5.556510308009843,0.24348969199015436
ah-chizhou-f7e37f5bdee9495f9278d9b71ae20019,https://ggj.chizhou.gov.cn/front/bidcontent/9005001004/f7e37f5bdee9495f9278d9b71ae20019,池州市,34205833.17,30453453.1,11.9,0,市政公用工程,10.969999999999999,7.5515839015151505,3.4184160984848484
ah-chizhou-f8476e429bc54d8181e191402f35fbd2,https://ggj.chizhou.gov.cn/front/bidcontent/9005001004/f8476e429bc54d8181e191402f35fbd2,池州市,17803708.16,16116415.47,0.3,0,水利水电工程,9.480000000000004,6.769090679874624,2.7109093201253796
ah-chizhou-f89f1292fb2d4ef19144ac7cc8c42a07,https://ggj.chizhou.gov.cn/front/bidcontent/9005001004/f89f1292fb2d4ef19144ac7cc8c42a07,池州市,3096145.02,2747178.51,0,0,公路工程,11.269999999999996,7.17616883116883,4.093831168831166
ah-chizhou-f978278fe8ba435abaf65564c0756ff2,https://ggj.chizhou.gov.cn/front/bidcontent/9005001004/f978278fe8ba435abaf65564c0756ff2,池州市,8082075.81,7874696.0,0,0,水利水电工程,2.569999999999993,4.8020711811580234,2.2320711811580303
ah-chizhou-f989b1153f054ce693022c6252f73270,https://ggj.chizhou.gov.cn/front/bidcontent/9005001004/f989b1153f054ce693022c6252f73270,池州市,3748092.96,3541947.85,0,0,公路工程,5.5,6.261475877758137,0.7614758777581372
ah-chizhou-f9ac9aa7143a485cb950fac0b1cc7f3a,https://ggj.chizhou.gov.cn/front/bidcontent/9005001004/f9ac9aa7143a485cb950fac0b1cc7f3a,池州市,3044027.15,2778283.58,0,0,市政公用工程,8.730000000000004,7.521875523088024,1.2081244769119799
ah-chizhou-f9c6efdce07649d4a027f427a4d73b98,https://ggj.chizhou.gov.cn/front/bidcontent/9005001004/f9c6efdce07649d4a027f427a4d73b98,池州市,5993924.24,5432892.93,0,0,水利水电工程,9.36,7.1128354978355,2.247164502164499
ah-chizhou-f9c85a720e024f11a1e1f6a24b8f8cc5,https://ggj.chizhou.gov.cn/front/bidcontent/9005001004/f9c85a720e024f11a1e1f6a24b8f8cc5,池州市,8838126.24,7884453.61,0,0,市政公用工程,10.790000000000006,8.355475744374433,2.4345242556255737
ah-chizhou-f9cd002055084485b02b703b75e9137c,https://ggj.chizhou.gov.cn/front/bidcontent/9005001004/f9cd002055084485b02b703b75e9137c,池州市,29486732.7,27881092.04,0,0,建筑工程,5.450000000000003,3.8036088598901108,1.646391140109892
ah-chizhou-f9f3ef20e60b4e81a58ea5600457de12,https://ggj.chizhou.gov.cn/front/bidcontent/9005001004/f9f3ef20e60b4e81a58ea5600457de12,池州市,5641617.61,5267296.28,0,0,市政公用工程,6.640000000000001,6.362535273214506,0.27746472678549416
ah-chizhou-f9fcac45f6fb45988d81c507b1d8ae93,https://ggj.chizhou.gov.cn/front/bidcontent/9005001004/f9fcac45f6fb45988d81c507b1d8ae93,池州市,5982537.34,5719714.17,0,0,水利水电工程,4.390000000000001,7.1128354978354995,2.722835497835499
ah-chizhou-fc00526b2e30413e8a7e46e4b666fc1c,https://ggj.chizhou.gov.cn/front/bidcontent/9005001004/fc00526b2e30413e8a7e46e4b666fc1c,池州市,16813000.0,14879683.33,0,0,公路工程,11.5,8.070066378066379,3.429933621933621
ah-chizhou-fc0c26dd2d9d4a2cad6b0ebe51aa2dc6,https://ggj.chizhou.gov.cn/front/bidcontent/9005001004/fc0c26dd2d9d4a2cad6b0ebe51aa2dc6,池州市,202588.97,189015.51,0,0,建筑工程,6.700000000000003,7.786999999999997,1.0869999999999944
ah-chizhou-fc32e94602ab4ef188aabe50cfa55605,https://ggj.chizhou.gov.cn/front/bidcontent/9005001004/fc32e94602ab4ef188aabe50cfa55605,池州市,4604291.62,4223376.51,0,0,公路工程,8.269999999999996,5.112921401246752,3.1570785987532437
ah-chizhou-fc3a37f2edbd40d1b4ecbc08b4b827a3,https://ggj.chizhou.gov.cn/front/bidcontent/9005001004/fc3a37f2edbd40d1b4ecbc08b4b827a3,池州市,9488066.12,9267753.22,0,0,水利水电工程,2.319999999999993,5.523297756410256,3.2032977564102625
ah-chizhou-fc73f1d6db0e46b780d025c19d9b18f1,https://ggj.chizhou.gov.cn/front/bidcontent/9005001004/fc73f1d6db0e46b780d025c19d9b18f1,池州市,2117238.77,2046671.2,0,0,,3.3299999999999983,6.369535242602396,3.0395352426023976
ah-chizhou-fdd2506231974e95bbb12b2cad16b75a,https://ggj.chizhou.gov.cn/front/bidcontent/9005001004/fdd2506231974e95bbb12b2cad16b75a,池州市,2981514.71,2717352.5,0,0,公路工程,8.86,7.984532582695082,0.8754674173049173
ah-chizhou-ffac38820d2d42758ece9e377042110a,https://ggj.chizhou.gov.cn/front/bidcontent/9005001004/ffac38820d2d42758ece9e377042110a,池州市,2960614.73,2560114.1,0,0,建筑工程,13.530000000000001,8.213035497835499,5.3169645021645024
