,zbkzj,k1,k2,下浮率,开标时间,project_type,取值范围,predict_rate
0,21471478.36,100.8,19.0,5.84999998109119,2020-09-30 09:00:00,,98-102,6.036581290115541
1,11359060.99,102.0,15.0,14.1259999520436,2020-12-15 09:00:00,市政公用工程施工总承包,98-102,7.995365202469558
2,5815322.73,98.8,19.0,16.4537611139597,2020-12-22 09:00:00,市政公用工程施工总承包,98-102,9.317257072041093
3,8482374.1,102.0,12.0,13.6603280678224,2021-01-06 09:00:00,市政公用工程施工总承包,98-102,8.59303098499084
4,13105328.9,0.2,,1.06999909021742,2021-02-05 09:30:00,水利水电工程施工总承包,报价区间：0.81-1，k:0.1，0.2，0.3,3.1108056239320248
5,47572121.02,101.6,,3.99999999831834,2021-02-08 09:00:00,市政公用工程施工总承包,98-102,6.2248954981043205
6,19823775.75,101.6,20.0,9.08300004352095,2021-03-03 09:00:00,市政公用工程施工总承包,98-102,6.993752125915428
7,14081190.49,101.6,16.0,10.659752107366,2021-03-03 09:00:00,市政公用工程施工总承包,98-102,7.939238415649591
8,4700756.99,98.0,12.0,13.1597000507784,2021-03-16 09:30:00,市政公用工程施工总承包,98-102,7.364209805171499
9,8082075.81,0.2,,2.56592260299523,2021-04-09 09:30:00,水利水电工程施工总承包,报价区间：0.81-1，k:0.1，0.2，0.3,5.543520195469723
13,1456496.77,101.2,11.0,16.4689510433998,2021-04-21 09:00:00,建筑工程施工总承包,98-102,10.325975289796581
12,1078663.83,98.8,17.0,7.6930668936957,2021-04-21 09:00:00,建筑工程施工总承包,98-102,7.284354771900763
10,1175610.07,100.4,12.0,6.36000506528497,2021-04-21 09:00:00,建筑工程施工总承包,98-102,7.026535979490335
11,1008729.45,98.8,20.0,7.79999235672162,2021-04-21 09:00:00,建筑工程施工总承包,98-102,7.74652962520866
14,4438756.66,0.1,,3.23544791932794,2021-04-28 09:00:00,水利水电工程施工总承包,报价区间：0.81-1，k:0.1，0.2，0.3,7.21129046781849
15,4927457.66,0.2,,2.20244733670629,2021-04-28 09:00:00,水利水电工程施工总承包,报价区间：0.81-1，k:0.1，0.2，0.3,5.95021806248464
16,22074384.99,100.8,18.0,11.2700032690696,2021-04-30 09:00:00,市政公用工程施工总承包,98-102,7.4550029230552175
17,20889294.03,101.2,13.0,6.22335373389352,2021-05-07 09:00:00,房屋建筑工程施工总承包,98-102-,无值
18,4388186.96,,,6.43707327365104,2021-05-07 09:00:00,防水防腐保温工程,98-102,7.452358065172509
19,4320323.45,,,8.46764285669398,2021-05-07 09:00:00,防水防腐保温工程,98-102,7.452358065172509
20,70472614.02,99.2,,4.59731699335083,2021-05-07 09:00:00,房屋建筑工程施工总承包,98-102-,无值
21,780000.0,,,12.9391128205128,2021-05-08 09:00:00,市政公用工程监理和房屋建筑工程监理,均值,无值
22,5453643.09,99.6,16.0,8.62088574996937,2021-05-08 09:00:00,电力工程施工总承包,98-102,7.760442904896864
24,4981247.48,100.4,20.0,10.0738883585844,2021-05-11 09:00:00,市政公用工程总承包,98-102,无值
23,10587688.14,0.4,,3.5025632139558,2021-05-11 09:00:00,建筑工程施工总承包,报价区间：0.9-0.97，k:0.2，0.3，0.4,3.1694076001126725
25,42605452.66,98.8,14.0,11.6170000105334,2021-05-20 09:00:00,市政公用工程总承包,98-102,无值
26,6695462.03,98.8,11.0,13.0026000610446,2021-05-20 09:30:00,市政公用工程施工总承包,98-102,8.63055251776982
27,13614782.0,,,10.1304425586836,2021-05-27 09:30:00,公路工程施工总承包,98-102--,9.664462272197085
28,4892322.24,99.6,19.0,7.04999718088889,2021-05-28 09:00:00,建筑工程施工总承包,98-102,5.097685806613393
29,11261818.21,0.2,,5.01705789832671,2021-05-28 09:00:00,电力工程施工总承包,报价区间：0.85-0.95，k:0.2，0.3，0.4,3.8240789662232704
30,99324363.51,98.4,15.0,12.2659974748022,2021-06-01 11:00:00,市政公用工程施工总承包,98-102,无值
31,22790848.39,102.0,19.0,6.67200068193689,2021-06-10 09:30:00,建筑工程施工总承包、古建筑工程,98-102,6.88146152202592
32,21957722.43,101.2,15.0,7.09092236211495,2021-06-10 09:30:00,建筑工程施工总承包、古建筑工程,98-102,6.88146152202592
33,5718075.63,99.6,18.0,11.8475300754285,2021-06-10 10:00:00,市政公用工程施工总承包,98-102,9.574952304060805
34,2100016.62,102.0,20.0,4.81100001960938,2021-06-11 09:00:00,建筑工程施工总承包,98-102,4.07200005221606
35,4035914.31,0.4,,3.1200501380318,2021-06-11 09:00:00,地质灾害治理（防治）工程施工,报价区间：0.9-0.97，k:0.3，0.4，0.5,无值
36,6788169.01,98.0,13.0,13.0828505992075,2021-06-16 09:00:00,市政公用工程施工总承包,98-102,8.448806274533707
37,710000.0,0.3,,6.33802816901408,2021-06-16 11:00:00,房屋建筑工程监理,报价区间：0.9-1，k:0.3，0.4，0.5,9.63857049476344
38,5661938.92,101.6,13.0,9.89400005749268,2021-06-17 09:00:00,市政公用工程施工总承包,98-102,9.86591144421615
39,6337016.61,98.5,,5.69000007718144,2021-06-17 11:00:00,公路工程施工总承包、地质灾害治理工程施工,98-102-0.5,无值
40,5681887.68,99.2,13.0,7.62599992120929,2021-06-18 09:00:00,建筑装修装饰及消防设施工程,98-102,无值
41,15641040.39,102.0,17.0,4.99310512937049,2021-06-18 11:00:00,建筑工程施工总承包,98-102,5.268701722412513
42,6608887.51,99.6,20.0,11.6110000183677,2021-06-22 09:00:00,市政公用工程施工总承包,98-102,8.640313409580866
43,7023786.0,101.6,,6.65000001423734,2021-06-22 09:30:00,公路工程施工总承包,98-102--,6.605435562991801
44,3679152.59,99.0,,5.38999987494402,2021-06-22 11:00:00,公路养护工程施工、公路工程施工总承包,98-102-0.5,无值
45,7016815.07,102.0,11.0,9.89339996956768,2021-06-23 09:00:00,市政公用工程施工总承包,98-102,8.939301243324236
46,5995234.59,99.2,16.0,12.3310082183123,2021-06-23 10:00:00,市政公用工程施工总承包,98-102,8.319465245621455
47,7858726.83,99.6,13.0,6.86999995901371,2021-06-24 09:00:00,建筑工程施工总承包,98-102,6.148126615700885
48,5393667.05,0.3,,2.71553747463889,2021-06-30 09:30:00,水利水电工程施工总承包,报价区间：0.81-0.98，k:0.1，0.2，0.3,5.962695197852514
49,6041792.27,,,4.95799998764274,2021-07-02 09:30:00,古建筑工程专业承包,98-102,8.08799999126332
50,5944840.03,0.1,,2.6634868087443,2021-07-06 09:00:00,水利水电工程施工总承包,报价区间：0.81-0.98，k:0.1，0.2，0.3,5.208963907388825
51,4763012.16,101.6,14.0,9.45999999294564,2021-07-06 09:30:00,市政公用工程施工总承包,98-102,7.321662389847446
52,6493210.29,98.0,17.0,11.2179999948839,2021-07-07 09:30:00,古建筑工程专业承包,98-102,8.08799999126332
53,8962792.67,101.6,13.0,11.4827443620873,2021-07-20 09:00:00,市政公用工程施工总承包,98-102,8.550370219327716
54,2561550.49,99.5,,8.68002878990686,2021-07-23 09:00:00,公路工程施工总承包,98-102-0.5,8.15854063493402
55,10590108.19,98.4,16.0,11.4515000058748,2021-07-27 09:30:00,市政公用工程施工总承包,98-102,8.326474847241423
56,716698.94,0.4,,2.77699866557636,2021-07-28 09:00:00,地质灾害治理（防治）工程施工,报价区间：0.88-0.96，k:0.3，0.4，0.5,无值
57,7439144.14,0.2,,8.79245754203117,2021-08-03 09:00:00,水利水电工程施工总承包,报价区间：0.76-0.98，k:0.1，0.2，0.3,4.703909907691425
58,8430984.85,0.2,,8.93116122726754,2021-08-03 09:00:00,水利水电工程施工总承包,报价区间：0.76-0.98，k:0.1，0.2，0.3,4.992726428420299
59,25996315.46,0.5,,1.23699999138263,2021-08-06 09:00:00,市政公用工程施工总承包,报价区间：0.88-0.98，k:0.3，0.4，0.5,4.69955019004027
60,9161515.61,0.5,,2.65681040519451,2021-08-10 09:00:00,市政公用工程施工总承包,报价区间：0.88-0.98，k:0.3，0.4，0.5,9.414257105161663
61,2441502.26,98.8,16.0,7.28589577467766,2021-08-11 09:00:00,建筑工程施工总承包,98-102,7.24294791499981
62,13426109.52,100.4,14.0,10.8701008123461,2021-08-12 09:00:00,市政公用工程施工总承包,98-102,7.245448418732481
63,4495089.38,0.2,,4.57499979677823,2021-08-12 09:30:00,水利水电工程施工总承包,报价区间：0.81-0.98，k:0.1，0.2，0.3,7.057227821414814
64,7936826.71,100.8,15.0,10.3450729113878,2021-08-13 09:00:00,市政公用工程施工总承包,98-102,8.875773618124606
65,18418593.86,102.0,,5.74179455846908,2021-08-17 09:00:00,公路工程施工总承包,98-102--,5.645984607866338
67,7989233.08,101.6,18.0,5.55799994259274,2021-08-19 09:00:00,建筑工程施工总承包,98-102,6.148126615700885
66,7334546.91,99.2,20.0,11.5930082721361,2021-08-19 09:00:00,市政公用工程施工总承包,98-102,9.785228986169976
68,4179941.03,98.0,17.0,12.0549992543794,2021-08-19 10:30:00,市政公用工程施工总承包,98-102,8.668839715386389
69,6044883.8,99.6,20.0,11.1749999230754,2021-08-26 09:00:00,市政公用工程施工总承包,98-102,8.86239109299729
87,3804957.13,0.3,,5.63137014897195,2021-08-27 09:00:00,水利水电工程施工总承包,报价区间：0.81-1，k:0.1，0.2，0.3,8.162263317204335
86,4693350.11,0.1,,9.9990000532903,2021-08-27 09:00:00,水利水电工程施工总承包,报价区间：0.81-1，k:0.1，0.2，0.3,6.648916365603798
85,4331243.92,0.1,,11.5480000489097,2021-08-27 09:00:00,水利水电工程施工总承包,报价区间：0.81-1，k:0.1，0.2，0.3,7.923731726771663
84,4692195.64,0.2,,6.38586139600947,2021-08-27 09:00:00,水利水电工程施工总承包,报价区间：0.81-1，k:0.1，0.2，0.3,6.648916365603798
83,3458604.82,0.2,,9.52015732170291,2021-08-27 09:00:00,水利水电工程施工总承包,报价区间：0.81-1，k:0.1，0.2，0.3,8.53007859794046
82,3673443.43,0.2,,7.53999987417801,2021-08-27 09:00:00,水利水电工程施工总承包,报价区间：0.81-1，k:0.1，0.2，0.3,7.213630376715016
80,4224030.54,0.1,,8.26901810231703,2021-08-27 09:00:00,水利水电工程施工总承包,报价区间：0.81-1，k:0.1，0.2，0.3,7.706057913421191
79,4004158.75,0.3,,6.16299416200719,2021-08-27 09:00:00,水利水电工程施工总承包,报价区间：0.81-1，k:0.1，0.2，0.3,7.8716716252083465
81,6027141.74,0.2,,3.94499997273998,2021-08-27 09:00:00,水利水电工程施工总承包,报价区间：0.81-1，k:0.1，0.2，0.3,5.5005609689514285
77,5617009.93,0.1,,7.40800007807712,2021-08-27 09:00:00,水利水电工程施工总承包,报价区间：0.81-1，k:0.1，0.2，0.3,5.617875749562444
76,5382853.0,0.3,,8.18000008545654,2021-08-27 09:00:00,水利水电工程施工总承包,报价区间：0.81-1，k:0.1，0.2，0.3,5.962695197852514
75,4158856.76,0.3,,11.1989836841604,2021-08-27 09:00:00,水利水电工程施工总承包,报价区间：0.81-1，k:0.1，0.2，0.3,7.238236309934998
74,5807283.1,0.1,,6.43999997175959,2021-08-27 09:00:00,水利水电工程施工总承包,报价区间：0.81-1，k:0.1，0.2，0.3,5.13013825211681
73,6073786.28,0.2,,5.68495538173596,2021-08-27 09:00:00,水利水电工程施工总承包,报价区间：0.81-1，k:0.1，0.2，0.3,5.5005609689514285
72,4915340.6,0.3,,9.7700000687643,2021-08-27 09:00:00,水利水电工程施工总承包,报价区间：0.81-1，k:0.1，0.2，0.3,5.95021806248464
71,6128239.74,0.3,,3.52782053529779,2021-08-27 09:00:00,水利水电工程施工总承包,报价区间：0.81-1，k:0.1，0.2，0.3,5.5005609689514285
70,5224419.9,0.2,,7.42506531682112,2021-08-27 09:00:00,水利水电工程施工总承包,报价区间：0.81-1，k:0.1，0.2，0.3,5.617759809550521
78,4976399.74,0.1,,12.8300000674785,2021-08-27 09:00:00,水利水电工程施工总承包,报价区间：0.81-1，k:0.1，0.2，0.3,6.101038625993346
88,23990383.32,101.2,16.0,5.78790001593022,2021-09-01 10:30:00,房屋建筑工程施工总承包,98-102,无值
89,34246926.93,0.4,,5.97999999879113,2021-09-02 09:00:00,市政公用工程施工总承包,报价区间：0.88-0.98，k:0.3，0.4，0.5,7.9917930261015675
90,37206957.17,,,13.120672022963,2021-09-03 09:00:00,市政公用工程施工总承包,98-102,10.117668128848408
91,8173345.5,0.5,,2.19999998776511,2021-09-08 09:00:00,市政公用工程施工总承包,报价区间：0.88-0.98，k:0.3，0.4，0.5,8.837049681246878
92,5085887.12,0.3,,6.27641417255836,2021-09-08 17:30:00,水利水电工程施工总承包,报价区间：0.81-0.98，k:0.1，0.2，0.3,6.190805615947177
94,9398883.72,,,8.77716135847675,2021-09-09 09:00:00,市政公用工程施工总承包,98-102-,9.336210676791229
93,12478512.51,0.3,,4.33500002156907,2021-09-09 09:00:00,建筑工程施工总承包和市政公用工程总承包,报价区间：0.80-0.95，k:0.3，0.4，0.5,无值
95,2060313.0,,,13.3242910179182,2021-09-10 09:00:00,交通工程专业承包,98-102-0.5,11.33914995437334
96,5601113.71,0.2,,7.89999994483239,2021-09-16 09:00:00,交通工程专业承包,报价区间：0.81-1，k:0.1，0.2，0.3,无值
97,2628980.26,98.0,,14.5232281051817,2021-09-17 09:00:00,交通工程专业承包,98-102---,9.119814438128909
98,6632729.46,0.3,,4.36329782098484,2021-09-18 09:00:00,交通工程专业承包,报价区间：0.81-0.98，k:0.1，0.2，0.3,无值
99,969268.29,98.0,13.0,5.98138313180554,2021-09-22 15:00:00,装修装饰工程专业承包,98-102,无值
100,6515842.83,0.3,,6.54900004701311,2021-09-23 09:00:00,水利水电工程施工总承包,报价区间：0.81-1，k:0.1，0.2，0.3,5.2943631804987294
101,6565407.58,0.3,,6.94012632799867,2021-09-23 09:30:00,水利水电工程施工总承包,报价区间：0.81-1，k:0.1，0.2，0.3,4.965908079116987
102,5855774.12,0.2,,7.90000007718878,2021-09-23 10:00:00,水利水电工程施工总承包,报价区间：0.81-1，k:0.1，0.2，0.3,5.13013825211681
103,5532668.0,101.6,,9.2341817726999,2021-09-24 09:00:00,公路工程施工总承包,98-102--,7.333729256292634
104,8709637.43,0.1,,7.81000857345677,2021-09-24 09:00:00,水利水电工程施工总承包,报价区间：0.81-1，k:0.1，0.2，0.3,4.238210521891938
105,15396581.05,,,5.83400001002171,2021-09-24 09:30:00,建筑工程施工总承包,98-102,6.06626034043723
106,5947688.56,0.1,,7.44000893012461,2021-09-24 09:30:00,水利水电工程施工总承包,报价区间：0.81-0.98，k:0.1，0.2，0.3,5.208963907388825
107,5639101.17,0.3,,6.27499985072976,2021-09-24 11:00:00,水利水电工程施工总承包,报价区间：0.81-0.98，k:0.1，0.2，0.3,5.617875749562444
108,5046893.65,0.2,,5.86000004180791,2021-09-27 09:00:00,水利水电工程施工总承包,报价区间：0.81-0.98，k:0.1，0.2，0.3,6.190805615947177
109,9117016.43,0.1,,5.49999995996498,2021-09-27 09:30:00,水利水电工程施工总承包,报价区间：0.81-0.98，k:0.1，0.2，0.3,3.921007687960888
110,7555469.05,0.2,,5.61021012983966,2021-09-27 10:00:00,水利水电工程施工总承包,报价区间：0.81-0.98，k:0.1，0.2，0.3,5.3076003615719625
111,8731915.02,0.2,,5.8510000249636,2021-09-28 09:00:00,水利水电工程施工总承包,报价区间：0.81-0.98，k:0.1，0.2，0.3,4.238210521891938
112,4934331.63,0.2,,5.8400000569074,2021-09-28 09:00:00,水利水电工程施工总承包,报价区间：0.81-0.98，k:0.1，0.2，0.3,6.101038625993346
113,11080865.29,0.2,,5.55800421611298,2021-09-28 09:30:00,水利水电工程施工总承包,报价区间：0.81-0.98，k:0.1，0.2，0.3,3.5960378788175342
114,5625139.52,0.1,,6.27999996700525,2021-09-28 10:00:00,水利水电工程施工总承包,报价区间：0.81-0.98，k:0.1，0.2，0.3,5.617875749562444
115,8271311.6,0.1,,9.63000003530274,2021-09-29 09:00:00,水利水电工程施工总承包,报价区间：0.81-0.98，k:0.1，0.2，0.3,5.280469048622454
116,4323450.85,0.1,,8.61000004198034,2021-09-29 09:00:00,水利水电工程施工总承包,报价区间：0.81-0.98，k:0.1，0.2，0.3,7.923731726771663
117,4604291.62,98.8,,8.2730448337675,2021-09-29 09:30:00,公路工程施工总承包,98-102--,8.833395170431821
118,4214252.6,98.0,13.0,11.3330000674378,2021-10-09 09:00:00,市政公用工程施工总承包、建筑装修装饰工程,98-102,无值
119,4631248.71,101.6,18.0,7.87900008937331,2021-10-09 09:30:00,市政公用工程施工总承包,98-102,7.687714498694447
124,9111493.01,0.1,,6.80591818837382,2021-10-12 09:00:00,水利水电工程施工总承包,报价区间：0.81-0.99，k:0.1，0.2，0.3,3.921007687960888
123,8474700.67,0.3,,6.4250836838111,2021-10-12 09:00:00,水利水电工程施工总承包,报价区间：0.81-0.99，k:0.1，0.2，0.3,4.923671801502807
122,8280497.53,0.2,,7.35725755358085,2021-10-12 09:00:00,水利水电工程施工总承包,报价区间：0.81-0.99，k:0.1，0.2，0.3,5.280469048622454
121,9191266.47,0.2,,6.55891450832891,2021-10-12 09:00:00,水利水电工程施工总承包,报价区间：0.81-0.99，k:0.1，0.2，0.3,3.6552475231932395
120,4332160.12,98.8,15.0,5.50000261763178,2021-10-12 09:00:00,文物保护工程施工,98-102,无值
125,7327512.88,0.15,,9.23189997859137,2021-10-13 09:00:00,市政公用工程施工总承包,报价区间：0.86-0.92，k:0.1，0.15，0.2,9.785228986169976
126,8796503.32,98.5,,12.999999981811,2021-10-14 09:00:00,公路工程施工总承包,98-102-0.5,8.34852079547478
127,6315262.76,99.6,19.0,6.76150092605172,2021-10-15 09:00:00,建筑工程施工总承包或建筑装修装饰工程,98-102,无值
128,2609859.0,99.6,,3.71640077107612,2021-10-19 09:00:00,公路交通工程专业承包,98-102--,无值
129,4688207.44,98.4,11.0,2.92300291217491,2021-10-19 09:00:00,古建筑工程专业承包和市政公用工程施工总承包,98-102,无值
130,3974138.58,98.4,15.0,6.04999964545776,2021-10-21 09:30:00,房屋建筑工程施工总承包,98-102,无值
131,8836135.71,0.2,,3.06913246808882,2021-10-22 09:30:00,水利水电工程施工总承包,报价区间：0.81-0.98，k:0.1，0.2，0.3,4.238210521891938
132,2165082.87,0.1,,8.20161678153225,2021-11-09 09:00:00,水利水电工程施工总承包,报价区间：0.76-0.98，k:0.1，0.2，0.3,5.0401431128584395
133,2033973.39,0.3,,3.90499995675951,2021-11-10 09:00:00,水利水电工程施工总承包,报价区间：0.76-0.98，k:0.1，0.2，0.3,6.0533083691458796
134,6935895.78,101.2,14.0,5.00000001441775,2021-11-16 09:00:00,装修装饰工程专业承包,98-102,无值
135,5357091.0,100.4,,9.66100015848153,2021-11-25 09:00:00,公路工程施工总承包,98-102--,7.319396329607086
136,11761081.29,6.43333333333333,0.1,8.07919048062288,2021-11-26 11:00:00,建筑工程施工总承包和市政工程施工总承包,0.5-10,无值
137,4667637.57,0.3,,3.15600060610532,2021-12-02 09:00:00,市政公用工程施工总承包,报价区间：0.88-0.98，k:0.3，0.4，0.5,7.6122591965631425
138,72791674.83,101.2,18.0,8.00000000494562,2021-12-07 09:00:00,建筑工程施工总承包,98-102,6.2986584991482255
139,2458336.37,8.76666666666667,,7.20000005532196,2021-12-07 09:30:00,建筑工程施工总承包,7-10-3,7.24294791499981
140,5652684.74,3.93333333333333,,3.88999829486335,2021-12-23 11:00:00,建筑工程施工总承包和市政工程施工总承包,0.5-10,无值
141,6442351.55,0.5,,1.44700548047553,2021-12-29 09:00:00,市政公用工程施工总承包,报价区间：0.85-0.98，k:0.3，0.4，0.5,9.05654417299068
142,12483444.45,0.5,,1.33959998516275,2021-12-30 09:00:00,市政公用工程施工总承包,报价区间：0.85-0.98，k:0.3，0.4，0.5,7.917368079327285
143,3721173.07,98.5,,6.5199998880998,2021-12-30 10:00:00,公路工程施工总承包、公路养护工程施工,98-102-0.5,无值
144,2278638.42,99.5,,5.88000003967281,2021-12-30 10:00:00,公路工程施工总承包、公路养护工程施工,98-102-0.5,无值
145,7630545.88,98.0,,13.9110000345087,2022-01-07 09:00:00,公路养护工程施工、交通工程,98-102-0.5,无值
146,13331695.68,98.0,13.0,6.57799998627031,2022-01-11 09:00:00,市政公用工程施工总承包,98-102,7.245448418732481
147,1794421.0,98.0,,8.7299000624714,2022-01-11 09:30:00,公路工程施工总承包或桥梁工程专业承包,98-102-0.5,无值
148,29999565.85,,,8.18000001156683,2022-01-11 11:00:00,建筑工程施工总承包,7-10,5.402000005730443
149,3394431.86,101.0,,4.99000030007967,2022-01-26 09:30:00,公路工程施工总承包或者桥梁工程专业承包,98-102-0.5,无值
151,9983861.92,98.0,,7.13913499316506,2022-01-28 11:00:00,公路工程施工总承包和公路养护工程施工,98-102-0.5,9.02441741483228
150,18116587.8,102.0,,5.4417157959514,2022-01-28 11:00:00,公路工程施工总承包,98-102--,5.645984607866338
152,7629907.72,0.1,,6.16030700827402,2022-01-28 11:30:00,水利水电工程施工总承包,报价区间：0.81-0.99，k:0.1，0.2，0.3,5.3076003615719625
153,15395171.18,101.6,,5.54660328239365,2022-02-08 10:30:00,公路工程施工总承包,98-102--,6.390849484547985
154,5629626.7,101.6,,5.37300013160731,2022-02-09 09:30:00,公路工程施工总承包,98-102--,7.107602187789793
155,9754319.88,99.5,,10.9096998364995,2022-02-10 09:00:00,公路工程施工总承包和公路养护工程施工,98-102-0.5,9.02441741483228
156,26374111.09,102.0,,4.8850005810755,2022-02-10 09:30:00,公路工程施工总承包,98-102--,无值
157,5144018.19,101.6,,4.84399997815716,2022-02-11 09:30:00,公路工程施工总承包,98-102--,8.212257260273592
158,4297712.67,0.1,,9.20092384863877,2022-02-15 09:00:00,水利水电工程施工总承包,报价区间：0.85-0.97，k:0.1，0.2，0.3,7.923731726771663
159,4170129.87,0.3,,8.92007471220555,2022-02-15 09:30:00,水利水电工程施工总承包,报价区间：0.81-0.99，k:0.1，0.2，0.3,7.238236309934998
160,18331580.34,99.6,18.0,5.54032004422375,2022-02-16 10:30:00,建筑工程施工总承包,98-102,6.693664013787753
161,6472745.94,0.4,,5.214006746571,2022-02-17 09:00:00,市政公用工程施工总承包,报价区间：0.88-0.98，k:0.3，0.4，0.5,8.528171534350038
162,5110483.14,101.6,12.0,3.43300007443131,2022-02-23 09:30:00,建筑工程施工总承包,98-102,5.097685806613393
163,23142023.23,99.0,,8.33339998336869,2022-02-24 09:30:00,公路工程施工总承包,98-102-0.5,无值
164,22387156.2,98.4,12.0,5.70800001833193,2022-02-24 10:30:00,建筑工程施工总承包,98-102,5.74806065684168
165,13997831.48,0.4,,2.06677191687409,2022-03-04 09:00:00,水利水电工程施工总承包,报价区间：0.88-0.98，k:0.3，0.4，0.5,3.4037330408325612
166,12773874.94,0.3,,1.53185615891117,2022-03-04 09:00:00,水利水电工程施工总承包,报价区间：0.88-0.98，k:0.3，0.4，0.5,4.04733473820129
167,9194125.56,0.3,,1.63429408288394,2022-03-04 09:00:00,水利水电工程施工总承包,报价区间：0.88-0.98，k:0.3，0.4，0.5,3.6552475231932395
168,9320236.49,0.5,,1.53483058239438,2022-03-04 09:00:00,水利水电工程施工总承包,报价区间：0.88-0.98，k:0.3，0.4，0.5,3.518136040586291
169,9399165.91,0.4,,1.56791667910882,2022-03-04 09:00:00,水利水电工程施工总承包,报价区间：0.88-0.98，k:0.3，0.4，0.5,3.309942764175474
170,6582246.86,0.3,,5.92715843537962,2022-03-04 09:00:00,水利水电工程施工总承包,报价区间：0.88-0.98，k:0.3，0.4，0.5,4.965908079116987
171,9377695.57,0.3,,2.01600860881859,2022-03-04 09:00:00,水利水电工程施工总承包,报价区间：0.88-0.98，k:0.3，0.4，0.5,3.309942764175474
172,8601983.62,0.4,,2.53558074085241,2022-03-04 09:00:00,水利水电工程施工总承包,报价区间：0.88-0.98，k:0.3，0.4，0.5,4.422337225064372
173,10937477.5,0.5,,1.70619404702775,2022-03-04 09:00:00,水利水电工程施工总承包,报价区间：0.88-0.98，k:0.3，0.4，0.5,3.279754982103143
174,13423322.28,100.8,12.0,3.74299997809484,2022-03-09 09:00:00,建筑工程施工总承包,98-102,5.644074958847077
175,12155410.02,102.0,,8.14098996555281,2022-03-09 09:30:00,公路工程施工总承包,98-102-0.5,8.29259500055007
176,28364987.56,102.0,12.0,2.20000001297373,2022-03-09 10:00:00,建筑工程施工总承包,98-102,5.886149185604348
177,41889629.22,6.6,0.9,6.4280000089244,2022-03-11 11:00:00,建筑工程施工总承包,0.5-10,6.05467929871628
178,4012707.13,10.1333333333333,0.1,8.67999977860333,2022-03-16 09:00:00,市政公用工程施工总承包,2.4-13.2,8.794199682630353
179,5878507.13,98.0,,8.05700000911625,2022-03-17 10:30:00,公路工程施工总承包,98-102--,7.305566717173367
180,1680110.75,7.93333333333333,0.0,7.90000004463991,2022-03-17 11:00:00,消防设施工程专业承包和建筑工程施工总承包,6-10,无值
181,10421701.33,101.5,,7.1560000271088,2022-03-18 10:30:00,公路工程施工总承包和地质灾害治理工程施工,98-102-0.5,无值
182,5012116.37,100.5,,8.57999990929979,2022-03-24 09:30:00,交通工程专业承包,98-102-0.5,8.964643706043065
183,4640844.78,0.1,,13.3199171552555,2022-04-07 09:00:00,水利水电工程施工总承包,报价区间：0.81-1，k:0.1，0.2，0.3,6.648916365603798
184,32466712.64,0.3,,7.58787582628507,2022-04-15 09:00:00,水利水电工程施工总承包和市政公用工程施工总承包,综合，报价区间：0.81-0.98，k:0.3，0.4，0.5,无值
185,4726690.59,100.8,,15.1998874544483,2022-04-15 09:00:00,公路工程施工总承包、公路养护工程施工,98-102--,无值
186,3219493.34,100.4,,14.9999999689392,2022-04-15 09:00:00,公路工程施工总承包、公路养护工程施工,98-102--,无值
187,1216998.49,98.4,,15.5200003576011,2022-04-15 09:00:00,公路工程施工总承包、公路养护工程,98-102--,无值
188,15284795.0,0.1,,2.86002442296413,2022-04-21 09:00:00,水利水电工程施工总承包,报价区间：0.81-0.98，k:0.1，0.2，0.3,2.9914729651346965
189,11741111.5,0.2,,4.32100001775811,2022-04-21 09:00:00,水利水电工程施工总承包,报价区间：0.81-0.98，k:0.1，0.2，0.3,3.445657722455237
190,5367541.9,0.3,,1.90000007265897,2022-04-21 09:00:00,水利水电工程施工总承包,报价区间：0.81-0.98，k:0.1，0.2，0.3,5.962695197852514
193,6775565.63,0.3,,2.97000001164479,2022-04-21 11:00:00,水利水电工程施工总承包,报价区间：0.81-0.98，k:0.1，0.2，0.3,4.543699180891957
191,10445167.25,0.2,,2.82999996960316,2022-04-21 11:00:00,水利水电工程施工总承包,报价区间：0.81-0.98，k:0.1，0.2，0.3,2.2672735737054395
192,8711938.47,0.3,,2.00008793220967,2022-04-21 11:00:00,水利水电工程施工总承包,报价区间：0.81-0.98，k:0.1，0.2，0.3,4.238210521891938
194,14401064.32,0.3,,2.13300429172725,2022-04-22 09:00:00,水利水电工程施工总承包,报价区间：0.81-0.98，k:0.1，0.2，0.3,2.7779758679216657
195,9488066.12,0.2,,2.32200004946844,2022-04-22 09:00:00,水利水电工程施工总承包,报价区间：0.81-0.98，k:0.1，0.2，0.3,3.185337127390049
196,4373371.91,0.2,,2.43300003269104,2022-04-22 09:00:00,水利水电工程施工总承包,报价区间：0.81-0.98，k:0.1，0.2，0.3,7.21129046781849
197,20332533.05,0.1,,2.99000000887742,2022-04-22 11:00:00,水利水电工程施工总承包,报价区间：0.81-0.98，k:0.1，0.2，0.3,4.426921654446313
198,7200925.42,0.1,,3.5209999439211,2022-04-22 11:00:00,水利水电工程施工总承包,报价区间：0.81-0.98，k:0.1，0.2，0.3,4.933394756797285
199,17615792.79,101.0,,6.55808491716483,2022-04-25 09:00:00,公路工程施工总承包和地质灾害治理工程施工,98-102-0.5,无值
200,15493972.14,101.0,,7.23509568670232,2022-04-25 09:00:00,公路工程施工总承包和地质灾害治理工程施工,98-102-0.5,无值
201,6909180.11,102.0,,5.79796580234178,2022-04-25 10:00:00,公路工程施工总承包和地质灾害治理工程施工,98-102-0.5,7.118588857163305
202,3361372.96,100.5,,7.4164406320446,2022-04-25 10:00:00,公路工程施工总承包和地质灾害治理工程施工,98-102-0.5,无值
203,10756212.43,7.46666666666667,0.7,7.27999995440774,2022-04-28 09:00:00,市政公用工程施工总承包,0.5-15,8.387046271361728
205,4174800.24,3.33333333333333,0.7,4.70100001718885,2022-05-06 09:30:00,市政公用工程施工总承包,0.5-15,8.668839715386389
206,2117238.77,100.4,11.0,3.33300008482274,2022-05-06 09:30:00,建筑工程施工总承包,98-102,4.07200005221606
204,4645489.71,3.16666666666667,0.5,4.45700007803912,2022-05-06 09:30:00,市政公用工程施工总承包,0.5-10,7.6122591965631425
207,39948320.7,4.76666666666667,0.3,10.399999992991,2022-05-06 11:00:00,市政公用工程施工总承包,0.5-15,11.760336007977
208,6311229.08,8.06666666666667,0.3,6.99799998386368,2022-05-07 09:30:00,市政公用工程施工总承包,0.5-15,9.372806623623779
209,5095949.41,7.96666666666667,0.7,7.86099993877295,2022-05-09 09:00:00,市政公用工程施工总承包,2.4-13.2,6.88219718215929
210,8251241.5,100.0,,6.89499998272987,2022-05-10 09:30:00,公路工程施工总承包,98-102-0.5,9.051666656026136
211,4800721.23,99.0,,9.34928750278634,2022-05-11 09:30:00,交通工程专业承包,98-102-0.5,8.964643706043065
212,7084236.13,0.1,,8.37898707930279,2022-05-17 09:30:00,水利水电工程施工总承包,报价区间：0.78-0.98，k:0.1，0.2，0.3,4.933394756797285
213,4730853.24,11.9666666666667,0.7,10.4149998954523,2022-05-17 09:30:00,市政公用工程施工总承包,0.5-15,7.364209805171499
214,4015699.3,10.3666666666667,0.7,9.50399996334386,2022-05-18 09:00:00,市政公用工程施工总承包,2.4-13.2,8.794199682630353
215,7724163.71,5.86666666666667,0.1,7.31299997265334,2022-05-18 09:30:00,市政公用工程施工总承包,0.5-15,8.504482039553354
216,8952235.76,6.36666666666667,0.5,7.0250000877993,2022-05-19 09:00:00,市政公用工程施工总承包,0.5-15,8.550370219327716
217,7060539.3,6.06666666666667,0.5,6.58299996998812,2022-05-20 09:00:00,市政公用工程施工总承包,0.5-15,8.823136866847744
220,4725164.62,3.0,0.1,6.53600000924411,2022-05-20 09:30:00,市政公用工程施工总承包,0.5-15,7.364209805171499
218,2963871.3,101.0,,7.28389994531813,2022-05-20 09:30:00,公路工程施工总承包,98-102-0.5,10.042300016379883
219,12837438.74,9.73333333333333,0.9,9.49999999766308,2022-05-20 09:30:00,市政公用工程施工总承包,0.5-15,7.362456605564601
221,14271322.35,4.1,0.1,6.5054013022136,2022-05-30 09:30:00,市政公用工程施工总承包,0.5-15,7.67911148531401
222,24908800.0,99.6,,5.10000080292909,2022-05-31 09:30:00,市政公用工程施工总承包,98-102,3.779000259807187
223,8650046.69,102.0,,7.26000000353754,2022-06-01 09:30:00,公路工程施工总承包,98-102-0.5,8.34852079547478
224,6185385.62,5.36666666666667,0.1,5.14774501642147,2022-06-07 09:30:00,建筑工程施工总承包,0.5-10,5.719946431356012
225,8446402.66,6.46666666666667,0.1,6.19526798643057,2022-06-08 09:00:00,建筑工程施工总承包,0.5-9.9,6.255901296665934
226,10429927.09,102.0,,6.3644607893419,2022-06-10 09:00:00,公路工程施工总承包,98-102--,7.549689062015125
227,1915946.64,8.86666666666667,0.1,7.31999926678542,2022-06-10 10:00:00,市政公用工程施工总承包,0.5-15,6.986444013337875
228,10436795.81,8.3,0.1,7.04300001055594,2022-06-14 09:00:00,市政公用工程施工总承包,0.5-15,8.517799785123508
229,10196443.51,8.83333333333333,0.1,7.02560014477048,2022-06-15 09:00:00,市政公用工程施工总承包,0.5-15,8.407180928288886
230,33263202.3,7.86666666666667,,7.99600280818423,2022-06-15 09:00:00,市政公用工程施工总承包,0.5-15,7.1369798599579966
231,32292423.4,0.4,,1.35361423509639,2022-06-15 09:30:00,水利水电工程施工总承包,综合，报价区间：0.84-0.99，k:0.3，0.4，0.5,2.7618425499033177
233,32709519.64,6.06666666666667,,6.18800001429798,2022-06-16 09:00:00,市政公用工程施工总承包,0.5-15,7.1369798599579966
232,34205833.17,5.06666666666667,0.1,10.9700005006485,2022-06-16 09:00:00,市政公用工程施工总承包,0.5-15,7.9917930261015675
234,16237336.07,11.3333333333333,0.5,11.8110007807457,2022-06-21 11:00:00,市政公用工程施工总承包,10-14.8,6.2755162758731124
235,8267387.08,0.3,,5.65329995411319,2022-06-24 09:00:00,水利水电工程施工总承包,报价区间：0.81-0.98，k:0.1，0.2，0.3,5.280469048622454
236,7427581.18,0.3,,3.32000006494711,2022-06-30 09:00:00,水利水电工程施工总承包,报价区间：0.81-0.98，k:0.1，0.2，0.3,4.703909907691425
237,64401535.18,,,5.26100000649083,2022-06-30 10:30:00,建筑工程施工总承包,0.5-10,5.296329421683236
238,1790080.0,0.3,,1.90382552735073,2022-06-30 11:00:00,电子与智能化工程专业承包,综合，报价区间：0.88-0.98，k:0.3，0.4，0.5,无值
239,8015212.2,0.1,,8.71829993471664,2022-07-01 09:30:00,水利水电工程施工总承包,报价区间：0.81-0.98，k:0.1，0.2，0.3,5.503484825554604
240,6019063.96,98.0,,8.07506936676579,2022-07-05 09:30:00,公路工程施工总承包,98-102--,7.140007275135686
241,5055475.07,98.0,,9.59499994132105,2022-07-05 11:00:00,公路工程施工总承包,98-102-0.5,8.216645704343092
242,87345529.34,3.6,0.1,4.49805672904748,2022-07-06 09:00:00,建筑工程施工总承包,0.5-10,无值
243,4325232.89,102.0,30.0,10.5899999294604,2022-07-06 11:00:00,市政公用工程施工总承包,98-102,7.800881305620123
244,19779744.02,6.3,0.1,5.36299999093718,2022-07-08 09:30:00,建筑工程施工总承包,0.5-10,6.321954600311244
247,10366252.45,8.3,0.9,8.18399999509947,2022-07-13 09:00:00,市政公用工程施工总承包,0.5-15综合,8.517799785123508
246,2341184.07,99.6,,7.95259298001288,2022-07-13 09:00:00,公路工程施工总承包,98-102--,7.504207269864183
245,1846394.22,98.0,,9.57725214282787,2022-07-13 09:00:00,公路工程施工总承包,98-102--,9.153576102649634
248,2247439.6,100.4,,9.35400889082848,2022-07-15 09:00:00,公路交通工程专业承包,98-102--,无值
249,7482145.66,11.4666666666667,0.9,10.1679959809817,2022-07-15 11:00:00,市政公用工程施工总承包,0.5-15,8.823073290604206
250,31616388.1,0.1,,8.83000003406461,2022-07-21 09:30:00,地质灾害防治（治理）工程施工,综合，报价区间：0.86-0.94，k:0.1，0.2，0.3,无值
251,31778383.41,0.4,,0.48574371455102,2022-07-28 09:00:00,水利水电工程施工总承包,综合，报价区间：0.85-1，k:0.3，0.4，0.5,2.7618425499033177
252,7341307.81,0.3,,3.26299994768915,2022-08-05 09:00:00,水利水电工程施工总承包,报价区间：0.81-0.99，k:0.1，0.2，0.3,4.856623286598294
253,5982537.34,0.3,,4.39317224554088,2022-08-05 10:00:00,水利水电工程施工总承包,报价区间：0.81-0.99，k:0.1，0.2，0.3,5.330675088404824
254,3440055.59,100.4,,5.3999999459311,2022-08-05 11:00:00,公路养护工程施工或桥梁养护,98-102--,5.44999993561322
255,3748092.96,100.8,,5.49999992529534,2022-08-05 11:00:00,公路养护工程施工或桥梁养护,98-102--,5.44999993561322
256,33445754.54,2.8,0.7,4.10000001154107,2022-08-05 12:00:00,市政公用工程施工总承包,0.5-15,7.1369798599579966
257,60328015.11,6.53333333333333,0.9,6.34700068122298,2022-08-08 11:00:00,建筑工程施工总承包,0.5-10,5.529333564460703
258,6192723.15,3.16666666666667,0.1,4.87000004190402,2022-08-08 12:00:00,建筑工程施工总承包,0.5-10,5.719946431356012
259,4784635.38,0.1,,3.07007636598632,2022-08-09 09:30:00,水利水电工程施工总承包,报价区间：0.81-0.99，k:0.1，0.2，0.3,6.496181444963334
260,11638174.84,5.33333333333333,0.5,5.72599998849991,2022-08-11 09:00:00,市政公用工程施工总承包,0.5-12,7.743631592005567
261,6606645.19,0.1,,5.17699997750296,2022-08-12 11:00:00,水利水电工程施工总承包,报价区间：0.81-1，k:0.1，0.2，0.3,4.94121672043212
262,5184518.17,0.2,,6.99017822132542,2022-08-15 11:00:00,水利水电工程施工总承包,报价区间：0.81-1，k:0.1，0.2，0.3,5.888777800613613
263,6335956.86,98.8,,7.94999999416032,2022-08-16 11:00:00,公路养护工程施工或桥梁养护,98-102--,无值
264,2790090.78,99.6,,8.17000011734385,2022-08-16 11:00:00,公路养护工程施工或桥梁养护,98-102--,无值
265,78069477.38,12.6666666666667,0.9,11.5699999963289,2022-08-18 11:00:00,市政公用工程施工总承包,0.5-15---,无值
266,8600000.0,13.2333333333333,,13.17,2022-08-18 11:00:00,市政公用工程施工总承包,10.2-14.9综合,8.690641744045735
267,1922719.06,102.0,,5.39000013865781,2022-08-23 11:00:00,公路养护工程施工或桥梁养护,98-102--,无值
268,9673409.49,9.23333333333333,0.5,8.24100004061754,2022-08-25 09:00:00,市政公用工程施工总承包,0.5-15,8.606361543477119
269,12141720.91,0.1,,4.59187205942786,2022-08-25 09:30:00,水利水电工程施工总承包,报价区间：0.85-0.99，k:0.1，0.2，0.3,3.5011028309590113
270,12731438.7,0.1,,3.23999996952425,2022-08-25 09:30:00,水利水电工程施工总承包,报价区间：0.85-0.99，k:0.1，0.2，0.3,4.04733473820129
271,64110985.67,4.96666666666667,0.9,4.9800000056683,2022-08-25 11:00:00,建筑工程施工总承包,0.5-10,5.296329421683236
272,20958381.52,8.36666666666667,0.7,8.55000000019086,2022-08-26 09:00:00,市政公用工程施工总承包,2.2-15,7.849002354546262
273,3158053.98,8.13333333333333,0.7,8.01402672667426,2022-08-26 10:30:00,市政公用工程施工总承包,0.5-14.8,7.012617961837504
274,48026921.02,0.5,,1.54950907573297,2022-08-30 09:30:00,水利水电工程施工总承包,综合，报价区间：0.85-0.98，k:0.3，0.4，0.5,1.4983271196311398
275,13956600.82,0.3,,4.77194152494218,2022-08-31 09:30:00,水利水电工程施工总承包,综合，报价区间：0.85-0.98，k:0.3，0.4，0.5,3.4037330408325612
276,43005189.03,0.5,,2.13105904350445,2022-08-31 09:30:00,水利水电工程施工总承包,综合，报价区间：0.85-0.98，k:0.3，0.4，0.5,1.78910210351688
277,2670624.46,99.2,,7.84300013488232,2022-09-01 09:00:00,公路工程施工总承包,98-102--,8.26151446239459
278,2090450.94,98.0,,8.97000003262454,2022-09-01 09:00:00,公路工程施工总承包,98-102--,7.425000036148675
279,12132300.82,101.6,,6.8848750323024,2022-09-05 11:00:00,公路养护工程施工或路基路面养护,98-102--,无值
280,3657912.02,98.0,,8.57950268579724,2022-09-05 11:00:00,公路养护工程施工或路基路面养护,98-102--,无值
281,1711708.18,98.0,,4.50000011100022,2022-09-07 11:00:00,港口与航道工程施工总承包,98-102--,无值
282,4612306.69,98.8,,7.47699997373768,2022-09-08 09:30:00,公路工程施工总承包或桥梁工程专业承包,98-102--,无值
283,20526716.19,3.06666666666667,0.3,4.5409999893412,2022-09-09 11:30:00,建筑工程施工总承包,0.5-10,6.43903556730023
284,2890267.28,,,5.36899999089357,2022-09-14 11:00:00,公路养护工程施工或路基路面养护,98-102--,无值
285,8213927.32,9.36666666666667,0.3,8.77022515460972,2022-09-27 09:30:00,市政公用工程施工总承包,2.5-15,8.837049681246878
286,61276095.35,0.5,,1.09505534934513,2022-09-27 11:00:00,水利水电工程施工总承包,综合，报价区间：0.85-0.99，k:0.3，0.4，0.5,无值
287,4572130.0,101.2,,5.38799990376478,2022-09-29 09:30:00,公路工程施工总承包,98-102--,8.706461041950284
288,2949943.52,98.0,,10.5750906037686,2022-09-30 09:00:00,公路交通工程专业承包,98-102-0.5,9.921813096051006
289,30626054.79,6.1,0.7,5.78500000130117,2022-10-08 11:30:00,建筑工程施工总承包,0.5-10,5.402000005730443
290,44704210.49,0.5,,1.44714516352931,2022-10-14 09:00:00,水利水电工程施工总承包,综合，报价区间：0.85-0.98，k:0.3，0.4，0.5,1.7092377609222433
291,10165689.4,8.7,0.5,7.79290000735219,2022-10-18 09:30:00,市政公用工程施工总承包,0.5-15,7.996440176639288
292,6890293.81,8.53333333333333,0.5,7.92000000359926,2022-10-19 09:30:00,市政公用工程施工总承包,0.5-15,8.56341892163024
293,31820798.08,0.3,,1.62013642368079,2022-10-21 09:00:00,水利水电工程施工总承包,综合，报价区间：0.84-0.98，k:0.3，0.4，0.5,2.7618425499033177
294,7609230.38,0.3,,3.87000005643146,2022-10-21 11:00:00,水利水电工程施工总承包,报价区间：0.81-0.98，k:0.1，0.2，0.3,5.3076003615719625
295,9721538.55,100.4,,6.19052567558866,2022-10-25 09:00:00,公路工程施工总承包,98-102--,8.142700645333662
296,16504012.36,,,4.97900002784534,2022-11-01 09:30:00,建筑工程施工总承包,0.5-10,5.268701722412513
297,802507.66,98.4,,2.08728973378273,2022-11-01 09:30:00,输变电工程专业承包或输变电工程专业承包,综合，98-102-,无值
298,5498924.06,101.6,,6.36337174658127,2022-11-01 11:00:00,公路养护工程二类和公路安全设施分项,98-102--,7.397625641051739
299,5912834.83,99.2,,8.43187953552221,2022-11-01 11:00:00,公路养护工程二类和公路安全设施分项,98-102--,7.397625641051739
302,8278723.1,8.66666666666667,0.1,7.49500028573246,2022-11-04 11:00:00,市政公用工程施工总承包,0.5-15,8.837049681246878
300,10256114.18,8.83333333333333,0.9,8.67000010329448,2022-11-04 11:00:00,市政公用工程施工总承包,0.5-15,8.050449771213502
301,12589034.91,2.96666666666667,0.5,5.13719998890686,2022-11-04 11:00:00,市政公用工程施工总承包,0.5-15,7.917368079327285
303,1919125.58,6.53333333333333,0.9,6.65288875989033,2022-11-07 11:00:00,市政公用工程施工总承包,0.5-15-,6.986444013337875
304,47983932.35,9.56666666666667,0.5,8.40000000541848,2022-11-09 11:00:00,市政公用工程施工总承包,0.5-15综合,6.2248954981043205
305,37476362.19,8.43333333333333,0.9,8.41700001192137,2022-11-10 11:00:00,建筑工程施工总承包,7-10,无值
306,3044027.15,8.73333333333333,,6.01120919700075,2022-11-11 11:00:00,市政公用工程施工总承包,0.5-10,7.012617961837504
307,6688607.27,7.0,0.1,7.39414903635088,2022-11-16 11:00:00,市政公用工程施工总承包,0.5-15,8.63055251776982
308,13437250.68,7.16666666666667,0.1,5.57600001550317,2022-11-18 09:30:00,建筑工程施工总承包,0.5-10,5.644074958847077
309,13076681.73,5.23333333333333,0.7,5.1970680638413,2022-11-18 11:00:00,建筑工程施工总承包,0.5-10,5.644074958847077
310,9933372.45,3.66666666666667,,0.715659564340598,2022-11-25 09:00:00,建筑工程施工总承包,0.5-10,4.048805705216037
311,13173256.76,100.4,,9.19848198571057,2022-11-28 11:00:00,公路工程施工总承包或公路养护工程施工一类,98-102--,无值
312,4914384.74,0.2,,6.90000005982436,2022-12-02 11:00:00,电力工程施工总承包或者输变电工程专业承包,报价区间：0.85-0.95，k:0.2，0.3，0.4,7.950000086281525
313,5993924.24,0.2,,9.36000001895253,2022-12-13 11:00:00,水利水电工程施工总承包,报价区间：0.76-0.98，k:0.1，0.2，0.3,5.5195939684483974
314,11516212.04,10.0,0.1,8.89041202475114,2022-12-14 09:00:00,市政公用工程施工总承包,0.5-15,7.723611347516664
315,8384739.59,7.16666666666667,0.3,5.96923857476652,2022-12-14 09:30:00,建筑工程施工总承包,0.5-10,6.148126615700885
316,19418685.93,8.96666666666667,0.5,8.62600000864221,2022-12-19 09:00:00,建筑工程施工总承包,7-10,6.321954600311244
317,6466205.68,98.4,,8.43921191198483,2022-12-20 09:30:00,公路工程施工总承包和地质灾害治理工程施工,98-102--,7.118588857163305
318,5945466.84,99.6,,6.64999991825705,2022-12-21 09:30:00,公路工程施工总承包或桥梁工程专业承包,98-102--,6.4638674022885505
319,13426444.34,6.5,0.3,5.72367032208618,2023-01-03 11:00:00,建筑工程施工总承包,0.5-10,5.644074958847077
320,9221246.92,0.3,,5.85452395628941,2023-01-04 09:00:00,水利水电工程施工总承包,报价区间：0.80-0.98，k:0.1，0.2，0.3,3.518136040586291
321,51854881.28,98.8,,7.63495058184039,2023-01-10 09:30:00,公路工程施工总承包,98-102--,无值
322,41978590.91,6.2,0.3,5.68135858850816,2023-01-10 11:00:00,建筑工程施工总承包,0.5-10,6.05467929871628
323,4523735.61,0.2,,9.00000011273869,2023-01-12 11:00:00,电力工程施工总承包或者输变电工程专业承包,报价区间：0.85-0.90，k:0.2，0.3，0.4,7.950000086281525
324,52997330.13,8.03333333333333,0.7,8.10719998434004,2023-01-13 11:00:00,建筑工程施工总承包,7-10,无值
325,26067714.67,6.2,0.7,5.92493741608075,2023-01-18 12:00:00,建筑工程施工总承包,0.5-10,5.331619026988486
326,13038077.19,4.8,0.1,5.10200001354647,2023-01-19 09:00:00,建筑工程施工总承包,0.5-10,5.887586511024657
327,3198000.0,0.5,,2.50156347717323,2023-01-19 11:00:00,水工金属结构防腐蚀专业施工,综合，报价区间：0.92-0.98，k:0.3，0.4，0.5,无值
328,19265166.66,102.0,,4.84234315988004,2023-01-29 09:30:00,公路工程施工总承包,98-102--,5.645984607866338
329,10625354.02,,,5.29000002204162,2023-01-30 09:30:00,建筑工程施工总承包,0.5-10,3.1694076001126725
330,9228725.11,,,6.68700002052613,2023-01-31 09:30:00,建筑工程施工总承包,0.5-10,4.891791536515955
331,7593378.53,0.1,,6.47487607864585,2023-02-01 09:00:00,水利水电工程施工总承包,报价区间：0.78-0.98，k:0.1，0.2，0.3,5.3076003615719625
332,11437938.76,0.3,,2.0517365490773,2023-02-02 09:00:00,水利水电工程施工总承包,报价区间：0.78-0.98，k:0.1，0.2，0.3,3.5960378788175342
333,7232329.07,9.3,0.9,9.07000004633363,2023-02-03 09:30:00,市政公用工程施工总承包,1-15,9.785228986169976
334,51226390.75,6.33333333333333,,6.27468649057614,2023-02-06 11:00:00,市政公用工程施工总承包,0.5-15,6.2248954981043205
335,13087317.74,6.6,0.7,6.23499999167898,2023-02-07 09:30:00,建筑工程施工总承包,0.5-10,5.644074958847077
336,11387502.29,0.2,,2.3362672799076,2023-02-08 10:30:00,电子与智能化工程专业承包,综合，报价区间：0.86-0.98，k:0.2，0.3，0.4,无值
337,6407434.13,,,4.98000000508785,2023-02-09 09:30:00,建筑工程施工总承包,0.5-10,5.981367593712108
338,9920135.04,0.3,,3.43300810550255,2023-02-09 09:30:00,水利水电工程施工总承包,报价区间：0.81-0.98，k:0.1，0.2，0.3,2.89261902092418
339,5641617.61,6.53333333333333,0.9,6.63500002794412,2023-03-01 09:30:00,市政公用工程施工总承包,0.5-15,9.86591144421615
340,28061500.0,0.5,,3.23575004899952,2023-03-03 11:00:00,电力工程施工总承包、电力行业（送电工程、变电工程）专业设计或工程设计综合,综合，报价区间：0.85-0.98，k:0.3，0.4，0.5,无值
344,1431609.53,4.13333333333333,0.9,4.18299953619336,2023-03-07 09:30:00,建筑工程施工总承包,0.5-10,10.325975289796581
343,2488254.43,4.73333333333333,0.1,4.92999986339821,2023-03-07 09:30:00,市政公用工程施工总承包,0.5-10,无值
341,5530117.97,101.2,,5.35082039126915,2023-03-07 09:30:00,公路工程施工总承包或桥梁工程专业承包,98-102--,6.4638674022885505
342,5037144.91,4.8,0.7,4.88099993930888,2023-03-07 09:30:00,市政公用工程施工总承包,0.5-10,6.88219718215929
345,23505451.07,3.73333333333333,0.7,4.99999998510984,2023-03-07 11:00:00,市政公用工程施工总承包,0.5-15,7.123334685702844
346,11204733.0,98.8,,7.53831305038683,2023-03-15 09:30:00,公路工程施工总承包,98-102--,7.299940958097586
347,7600175.64,0.2,,2.83271835017749,2023-03-22 09:30:00,水利水电工程施工总承包,综合，报价区间：0.88-0.99，k:0.3，0.4，0.5,5.3076003615719625
348,7192279.2,0.2,,1.81244479496847,2023-03-23 09:30:00,水利水电工程施工总承包,报价区间：0.85-0.99，k:0.1，0.2，0.3,4.933394756797285
349,4314242.27,0.3,,7.07402322123184,2023-03-30 09:00:00,水利水电工程施工总承包,报价区间：0.80-0.98，k:0.1，0.2，0.3,7.923731726771663
350,29486732.7,5.2,0.5,5.44299999708004,2023-04-03 10:00:00,建筑工程施工总承包,1.5-10,5.402000005730443
351,11116967.41,8.03333333333333,0.7,7.41999998361064,2023-04-07 09:30:00,市政公用工程施工总承包,0.5-15,8.387046271361728
352,11711104.99,9.56666666666667,0.3,9.0889999783018,2023-04-10 10:00:00,市政公用工程施工总承包,2.2-15,7.88999562581036
353,4428536.45,8.6,0.3,7.54060001019073,2023-04-11 09:30:00,市政公用工程施工总承包,0.5-15,7.942098119938084
355,4849515.92,9.4,0.7,8.68366527601789,2023-04-12 09:30:00,市政公用工程施工总承包,0.5-15,7.0702518098772185
354,3513967.32,102.0,,4.38918396087986,2023-04-12 09:30:00,公路工程施工总承包或公路路面工程专业承包,98-102--,无值
356,12960620.19,0.3,,5.48099997983198,2023-04-13 11:00:00,水利水电工程施工总承包,报价区间：0.85-0.98，k:0.1，0.2，0.3,3.384305089685882
357,5841981.73,0.3,,1.93500006033057,2023-04-14 09:30:00,水利水电工程施工总承包,报价区间：0.85-0.98，k:0.1，0.2，0.3,5.13013825211681
358,4262455.74,7.9,0.9,7.95987361970825,2023-04-17 09:30:00,市政公用工程施工总承包,0.5-15--,7.50738577425404
359,13925405.31,8.73333333333333,0.3,8.45893619451138,2023-04-18 11:00:00,建筑工程施工总承包,7-10,5.71938208275176
360,1577335.0,4.66666666666667,,4.57226904874361,2023-04-19 09:00:00,,2:10:0.8,7.5248439567953795
361,7163300.92,100.4,,6.45000000921362,2023-04-19 09:30:00,公路工程施工总承包,98-102--,6.834294434444392
362,26494726.67,6.16666666666667,0.3,7.78395767462357,2023-04-19 11:00:00,建筑工程施工总承包,5.1-10,5.331619026988486
363,28187877.76,4.6,0.3,7.46119998073952,2023-04-20 09:00:00,市政公用工程施工总承包,0.5-15,4.922733330008474
364,12128933.03,6.53333333333333,,6.4260000287923,2023-04-21 08:30:00,建筑工程施工总承包,0.5-10,5.895709766675167
365,9046007.0,0.2,,6.40000610213987,2023-04-25 09:00:00,水利水电工程施工总承包,报价区间：0.85-0.98，k:0.1，0.2，0.3,3.921007687960888
366,4590175.18,98.0,,8.92000008592264,2023-04-28 09:30:00,公路工程施工总承包,98-102--,8.706461041950284
368,23277209.53,0.2,,2.00139999341236,2023-05-04 09:00:00,水利水电工程施工总承包,综合，报价区间：0.869-0.98，k:0.2，0.3，0.4,2.6555249575534874
367,23277209.53,0.3,,3.37993490579711,2023-05-04 09:00:00,水利水电工程施工总承包,综合，报价区间：0.89-0.98，k:0.2，0.3，0.4,2.6555249575534874
369,8395337.55,6.93333333333333,0.7,7.51580000496824,2023-05-04 10:00:00,市政公用工程施工总承包,2.2-15,8.59303098499084
370,29257221.66,4.23333333333333,0.5,6.07000001790327,2023-05-04 11:00:00,市政公用工程施工总承包,0.5-15-,6.765599999321395
371,5292401.48,99.6,,6.44016825420434,2023-05-04 15:00:00,公路工程施工总承包,98-102--,7.2140243753914906
372,11507948.38,0.2,,9.35157192632455,2023-05-05 08:30:00,水利水电工程施工总承包,报价区间：0.81-0.98，k:0.1，0.2，0.3,3.5960378788175342
373,9341707.37,0.3,,1.7330896118618,2023-05-05 09:00:00,水利水电工程施工总承包,报价区间：0.85-0.99，k:0.1，0.2，0.3,3.518136040586291
374,4900212.61,4.53333333333333,0.5,4.96130473000028,2023-05-05 10:30:00,市政公用工程施工总承包,0.5-10,7.0702518098772185
375,11028944.24,10.2666666666667,0.1,7.67711343511154,2023-05-05 11:00:00,市政公用工程施工总承包,0.5-15,8.387046271361728
376,5836250.6,7.56666666666667,0.3,7.50001379310203,2023-05-05 11:00:00,市政公用工程施工总承包,0.5-15,9.317257072041093
377,9213580.43,100.8,,6.23908321382071,2023-05-08 09:30:00,公路工程施工总承包,98-102--,8.456407284070412
378,5995716.91,98.4,,7.39078189733945,2023-05-11 08:30:00,公路工程施工总承包或桥梁工程专业承包,98-102--,6.4638674022885505
379,5949898.66,6.1,,6.11972103739998,2023-05-11 11:00:00,建筑工程施工总承包,0.5-10,5.719946431356012
380,6232106.18,5.33333333333333,0.3,5.24236767737484,2023-05-12 09:00:00,市政公用工程施工总承包,0.5-10,9.321886187504697
381,8238508.08,3.73333333333333,0.1,5.19900005972926,2023-05-15 09:30:00,市政公用工程施工总承包,0.5-10,8.837049681246878
382,5225436.38,3.63333333333333,,3.97000010934971,2023-05-15 11:00:00,消防设施工程专业承包,0.5-10,无值
383,14406571.66,7.3,0.3,7.37353316993115,2023-05-16 11:00:00,市政公用工程施工总承包,0.5-15,7.67911148531401
384,14567330.1,0.1,,7.47900001250058,2023-05-17 11:00:00,水利水电工程施工总承包,报价区间：0.80-0.98，k:0.1，0.2，0.3,2.9914729651346965
385,19756166.39,0.3,,7.58000003866135,2023-05-17 11:00:00,水利水电工程施工总承包,报价区间：0.80-0.98，k:0.1，0.2，0.3,3.837015610640627
386,5397409.64,5.03333333333333,0.3,5.09588984985767,2023-05-18 09:00:00,市政公用工程施工总承包,0.5-10,8.347722169540758
387,14934174.95,3.96666666666667,0.9,4.0878815337569,2023-05-18 09:30:00,市政公用工程施工总承包,0.5-10,8.08751377880267
388,16944612.97,4.0,0.7,4.37800008364546,2023-05-18 10:00:00,市政公用工程施工总承包,0.5-10,7.004727856578516
389,12035582.68,0.3,,2.63110003411983,2023-05-19 09:30:00,电力工程施工总承包或者输变电工程专业承包,综合，报价区间：0.85-0.98，k:0.3，0.4，0.5,无值
390,6161607.38,,,4.9600599511097,2023-05-19 09:30:00,建筑工程施工总承包,0.5-10,5.719946431356012
391,19511896.4,5.2,0.9,5.34200002209933,2023-05-25 09:00:00,市政公用工程施工总承包,0.5-15,6.56003824180122
392,27290687.62,0.4,,1.68953569957722,2023-05-25 09:00:00,水利水电工程施工总承包,综合，报价区间：0.80-0.98，k:0.2，0.3，0.4,无值
393,8838126.24,11.4333333333333,0.7,10.8450287308863,2023-05-25 09:30:00,市政公用工程施工总承包,2.2-15,8.550370219327716
397,9887587.54,0.3,,1.27578996888455,2023-05-31 09:30:00,水利水电工程施工总承包,报价区间：0.83-0.99，k:0.1，0.2，0.3,2.89261902092418
396,9788937.86,0.3,,1.29754996728521,2023-05-31 09:30:00,水利水电工程施工总承包,报价区间：0.83-0.99，k:0.1，0.2，0.3,2.9002935186269903
394,9244448.27,0.3,,1.19111900228091,2023-05-31 09:30:00,水利水电工程施工总承包,报价区间：0.83-0.99，k:0.1，0.2，0.3,3.518136040586291
395,9538437.8,0.3,,1.1830000086597,2023-05-31 09:30:00,水利水电工程施工总承包,报价区间：0.83-0.99，k:0.1，0.2，0.3,3.1716703136290145
398,10757966.94,3.66666666666667,0.3,4.63440000123293,2023-06-01 09:00:00,建筑装修装饰,0.5-10,无值
399,17803708.16,0.3,,2.06729747922357,2023-06-02 09:00:00,水利水电工程施工总承包,报价区间：0.85-0.99，k:0.1，0.2，0.3,无值
400,11131535.93,6.86666666666667,0.7,7.04312221539045,2023-06-02 09:30:00,市政公用工程施工总承包,0.5-15,8.387046271361728
401,223281864.91,13.1,,13.2329999984144,2023-06-06 09:30:00,市政公用工程施工总承包,9-13.9,无值
402,8167717.4,8.63333333333333,0.9,8.52949993103337,2023-06-08 09:30:00,市政公用工程施工总承包,0.5-15,8.837049681246878
403,4064566.48,2.73333333333333,0.5,3.92492460844188,2023-06-09 08:30:00,市政公用工程施工总承包,0.5-10,8.668839715386389
404,15705763.9,2.0,0.5,3.70212632573701,2023-06-09 11:00:00,建筑装修装饰,0.5-10,无值
405,4274010.24,99.6,,6.9808340000608,2023-06-12 09:30:00,公路工程施工总承包,98-102--,7.222646458072073
406,17776320.45,4.36666666666667,0.5,4.82518270534439,2023-06-15 09:00:00,市政公用工程施工总承包,0.5-10,6.589045897958719
407,4538189.42,4.73333333333333,0.9,4.74770024033064,2023-06-15 09:30:00,建筑装修装饰,0.5-10,8.04035015388422
408,5864588.36,9.07,0.7,9.03054617801001,2023-06-20 11:00:00,建筑工程施工总承包,0.5-10,5.719946431356012
409,4717817.08,3.23333333333333,0.1,4.81006016451998,2023-06-21 09:30:00,建筑工程施工总承包,0.5-10,5.097685806613393
410,21662699.21,0.3,,2.71076491580017,2023-06-26 09:30:00,水利水电工程施工总承包,综合，报价区间：0.89-0.98，k:0.2，0.3，0.4,3.5320166462921194
411,15754692.51,0.1,,1.85999999564574,2023-06-27 11:30:00,水利水电工程施工总承包,报价区间：0.85-0.99，k:0.1，0.2，0.3,2.84884504654355
412,15683564.74,0.3,,1.3805207782118,2023-06-27 12:00:00,水利水电工程施工总承包,报价区间：0.85-0.99，k:0.1，0.2，0.3,2.84884504654355
413,15683564.74,0.3,,1.3805207782118,2023-06-27 12:00:00,水利水电工程施工总承包,报价区间：0.85-0.99，k:0.1，0.2，0.3,2.84884504654355
414,10661077.26,0.2,,2.44000004554886,2023-06-27 12:30:00,水利水电工程施工总承包,报价区间：0.85-0.99，k:0.1，0.2，0.3,3.004895886605607
415,9216194.55,12.9,0.3,12.6879548131935,2023-06-28 11:00:00,市政公用工程施工总承包,10.2-14.9,9.606182787104583
416,10964959.53,0.1,,1.62999999690832,2023-06-28 11:00:00,水利水电工程施工总承包,报价区间：0.85-0.99，k:0.1，0.2，0.3,3.279754982103143
417,10976041.51,0.2,,1.47999996038645,2023-06-28 12:00:00,水利水电工程施工总承包,报价区间：0.85-0.99，k:0.1，0.2，0.3,3.279754982103143
418,6207831.47,0.1,,1.16436875500423,2023-06-28 12:30:00,水利水电工程施工总承包,报价区间：0.85-0.99，k:0.1，0.2，0.3,5.367373550145817
419,39000000.0,,,4.94871794871794,2023-06-29 09:00:00,,综合,8.658964083508467
420,19485370.43,8.56666666666667,0.1,8.95999999729028,2023-06-29 11:00:00,建筑工程施工总承包,8-10,6.321954600311244
421,3371296.75,0.1,,8.59001065391233,2023-06-30 09:00:00,地质灾害防治（治理）工程施工,综合，报价区间：0.86-0.94，k:0.1，0.2，0.3,无值
422,2355820.0,0.4,,3.01381260028356,2023-07-05 11:00:00,水利水电工程施工总承包,综合，报价区间：0.85-0.98，k:0.2，0.3，0.4,5.607714690907905
423,3878149.17,10.4666666666667,,10.3999999051094,2023-07-06 09:00:00,市政公用工程施工总承包,0.5-15综合,8.569724651776596
424,22480476.94,0.4,,2.53000001520431,2023-07-06 11:00:00,水利水电工程施工总承包,综合，报价区间：0.90-0.98，k:0.2，0.3，0.4,2.722419967818274
425,2893427.85,98.0,,9.26853558833341,2023-07-18 08:30:00,公路交通工程专业承包,98-102--,7.853342321059377
426,8965061.75,0.1,,2.07401047739576,2023-07-18 09:00:00,水利水电工程施工总承包,报价区间：0.85-0.98，k:0.1，0.2，0.3,3.9823225919805094
427,9271586.29,0.1,,2.26694659819638,2023-07-18 09:00:00,水利水电工程施工总承包,报价区间：0.85-0.98，k:0.1，0.2，0.3,3.518136040586291
428,9396338.73,0.1,,2.07827394915552,2023-07-18 09:00:00,水利水电工程施工总承包,报价区间：0.85-0.98，k:0.1，0.2，0.3,3.309942764175474
429,7248374.31,0.1,,2.26842506978643,2023-07-18 09:00:00,水利水电工程施工总承包,报价区间：0.85-0.98，k:0.1，0.2，0.3,4.832419426158797
430,9044595.74,0.3,,1.64041803818641,2023-07-18 09:00:00,水利水电工程施工总承包,报价区间：0.85-0.98，k:0.1，0.2，0.3,3.921007687960888
431,4790267.67,0.1,,1.37832694430622,2023-07-20 11:00:00,水利水电工程施工总承包,报价区间：0.85-0.99，k:0.1，0.2，0.3,6.496181444963334
432,5012042.1,0.1,,1.10087064113048,2023-07-20 11:30:00,水利水电工程施工总承包,报价区间：0.85-0.99，k:0.1，0.2，0.3,6.190805615947177
433,91460369.52,0.5,,4.57380367251331,2023-07-21 08:30:00,水利水电工程施工总承包,综合，报价区间：0.88-0.99，k:0.3，0.4，0.5,无值
434,4096600.0,99.6,,6.29699995117903,2023-07-24 10:00:00,公路工程施工总承包,98-102--,6.599277946446544
435,21107271.18,3.7,,5.00000843785057,2023-07-27 11:00:00,市政公用工程施工总承包和建筑工程施工总承包,0.5-10综合,无值
436,23872646.41,3.83333333333333,0.5,4.96130001533416,2023-07-31 09:30:00,建筑工程施工总承包,1.5-10,6.024176751621483
